Workbook

Sheet Analisis quimico (Suelo)
A1: Numero | B1: Nº en cronosecuencia | C1: Nombre ubicacion | D1: Codigo | E1: Rep | F1: pH (mV) | G1: Conductivity (µS/cm) | H1: Temperatura (ºC) | I1: C Total (mg kg-1) | J1: N Total (mg kg-1) | K1: C:N ratio | L1: 13C | M1: 15N | N1: Fe Total (mg kg-1 dw soil) | O1: Fe2+ (mg kg-1 dw soil) | P1: Fe3+ (mg g-1 dw soil) | Q1: Fep (mg g-1 dw soil) | R1: Feo (mg g-1 dw soil) | S1: Fed (mg g-1 dw soil) | T1: Mn Oxidado (mg g-1 dw soil) | U1: Mnp (mg g-1 dw soil) | V1: Mno (mg g-1 dw soil) | W1: Mnd (mg g-1 dw soil) | X1: H2O2 (mg g-1 dw soil) | Y1: NH4 (mg kg-1 dw soil) | Z1: NO3- (mg kg-1 dw soil) | AA1: P olsen (mg kg-1 dw soil) | AB1: Ca2+ (cmol c kg-1) | AC1: Mg2+ (cmol c kg-1) | AD1: K+ (cmol c kg-1) | AE1: Na+ (cmol c kg-1) | AF1: CEC total (cmol c kg-1)
A2: 1 | B2: 1 | C2: Bellingshausen Dome | D2: BH1.1 | E2: 1 | F2: 7.762 | G2: 131.7 | H2: 20.5 | I2: 1810 | J2: 140 | K2: 12.929 | L2: -26.324 | M2: 0.903 | N2: 0.11402226 | O2: 2.549017 | P2: 0.11147324 | Q2: 2.45 | R2: 219.1 | S2: 205 | T2: 0.043855216 | U2: 0.45 | V2: 10.37 | W2: 9.34 | X2: 25.481241 | Y2: 10.100863 | Z2: 9.231462 | AA2: 102.22671 | AB2: 1.515 | AC2: 0.71 | AD2: 0.237 | AE2: 0.537 | AF2: 1.484
E3: 2 | F3: 7.803 | G3: 117.7 | H3: 19.9 | I3: 1800 | J3: 110 | K3: 16.364 | L3: -26.712 | M3: 0.912 | N3: 0.10332717 | O3: 2.5675024 | P3: 0.10075967 | Q3: 0.96 | R3: 226.7 | S3: 326.6 | T3: 0.027834251 | U3: 0.23 | V3: 9.75 | W3: 10.28 | X3: 27.511348 | Y3: 6.0490368 | Z3: 11.18274 | AA3: 102.19103 | AB3: 1.501 | AC3: 0.698 | AD3: 0.237 | AE3: 0.542 | AF3: 1.478
E4: 3 | F4: 7.88 | G4: 115.6 | H4: 19.8 | I4: 1800 | J4: 130 | K4: 13.846 | L4: -26.061 | M4: 0.906 | N4: 0.11869469 | O4: 2.1289256 | P4: 0.11656577 | Q4: 2.24 | R4: 196.4 | S4: 149.9 | T4: 0.040319774 | U4: 0.31 | V4: 9.73 | W4: 8.27 | X4: 26.09771 | Y4: 6.7857324 | Z4: 7.9449054 | AA4: 73.563981 | AB4: 1.227 | AC4: 0.586 | AD4: 0.208 | AE4: 0.435 | AF4: 1.229
E5: 4 | F5: 7.992 | G5: 117.6 | H5: 20.6 | I5: na | J5: na | N5: 0.1290301 | O5: 3.1234205 | P5: 0.12590668 | Q5: 2.58 | R5: 218.1 | S5: 283.8 | T5: 0.048392297 | U5: 0.27 | V5: 11.9 | W5: 8.13 | X5: 24.648902 | Y5: na | Z5: na | AA5: 99.996632 | AB5: 1.146 | AC5: 0.541 | AD5: 0.198 | AE5: 0.416 | AF5: 1.155
A6: 2 | B6: 2 | C6: Bellingshausen Dome | D6: BH1.2 | E6: 1 | F6: 7.694 | G6: 84.07 | H6: 21.4 | I6: 3000 | J6: 220 | K6: 13.636 | L6: -23.839 | M6: 0.954 | N6: 0.03872528 | O6: 1.1392405 | P6: 0.03758604 | Q6: 2.48 | R6: 206.9 | S6: 151.2 | T6: 0.04425497 | U6: 0.25 | V6: 6.23 | W6: 6.79 | X6: 12.980102 | Y6: 31.664746 | Z6: 0.54586145 | AA6: 58.24437 | AB6: 0.905 | AC6: 0.353 | AD6: 0.086 | AE6: 0.026 | AF6: 0.465
E7: 2 | F7: 7.788 | G7: 82.6 | H7: 20.8 | I7: 3410 | J7: 270 | K7: 12.63 | L7: -23.5 | M7: 0.903 | N7: 0.042152672 | O7: 1.00199 | P7: 0.041150682 | Q7: 2.66 | R7: 216.9 | S7: 129.5 | T7: 0.0886854 | U7: 0.16 | V7: 6.47 | W7: 11.79 | X7: 12.987085 | Y7: 33.897407 | Z7: 0.52265256 | AA7: 72.000304 | AB7: 0.928 | AC7: 0.377 | AD7: 0.091 | AE7: 0.135 | AF7: 0.603
E8: 3 | F8: 7.726 | G8: 80.58 | H8: 21 | I8: 3090 | J8: 330 | K8: 9.364 | L8: -23.012 | M8: 0.921 | N8: 0.053831515 | O8: 0.83304806 | P8: 0.052998466 | Q8: 1.6 | R8: 222.1 | S8: 100.9 | T8: 0.068845639 | U8: 0.31 | V8: 6.6 | W8: 10.41 | X8: 11.334895 | Y8: 47.054159 | Z8: 0.6619059 | AA8: 67.833494 | AB8: 0.863 | AC8: 0.346 | AD8: 0.076 | AE8: 0.105 | AF8: 0.527
E9: 4 | F9: 7.656 | G9: 80.72 | H9: 20.9 | I9: na | J9: na | N9: 0.054702123 | O9: 1.0479736 | P9: 0.05365415 | Q9: 1.48 | R9: 194.2 | S9: 151.8 | T9: 0.063560562 | U9: 0.22 | V9: 6.03 | W9: 7.43 | X9: 12.892268 | Y9: na | Z9: na | AA9: 77.204269 | AB9: 0.819 | AC9: 0.333 | AD9: 0.073 | AE9: 0.106 | AF9: 0.512
A10: 3 | B10: 3 | C10: Bellingshausen Dome | D10: BH1.3 | E10: 1 | F10: 7.325 | G10: 234.9 | H10: 21.2 | I10: 2180 | J10: 130 | K10: 16.769 | L10: -33.508 | M10: 0.404 | N10: 0.022259452 | O10: 0.78904899 | P10: 0.021470403 | Q10: 0.56 | R10: 268.7 | S10: 89.38 | T10: 0.068791743 | U10: 0.25 | V10: 8.02 | W10: 7.83 | X10: 15.162335 | Y10: 9.794294 | Z10: 0.84006273 | AA10: 30.919057 | AB10: 0.616 | AC10: 0.33 | AD10: 0.074 | AE10: 0.152 | AF10: 0.556
E11: 2 | F11: 7.359 | G11: 243.3 | H11: 20.8 | I11: 2110 | J11: 130 | K11: 16.231 | L11: -33.442 | M11: 0.4 | N11: 0.045891228 | O11: 0.90457792 | P11: 0.04498665 | Q11: 0.17 | R11: 250 | S11: 135.6 | T11: 0.051374992 | U11: 0.16 | V11: 7.09 | W11: 14.28 | X11: 16.611384 | Y11: 16.148041 | Z11: 0.58497973 | AA11: 31.590422 | AB11: 0.696 | AC11: 0.376 | AD11: 0.084 | AE11: 0.168 | AF11: 0.628
E12: 3 | F12: 7.351 | G12: 246.8 | H12: 21.1 | I12: 2310 | J12: 120 | K12: 19.25 | L12: -33.812 | M12: 0.421 | N12: 0.041081583 | O12: 0.9534846 | P12: 0.040128098 | Q12: 0.62 | R12: 251.9 | S12: 72.21 | T12: 0.046610124 | U12: 0.31 | V12: 7.66 | W12: 8.26 | X12: 15.313111 | Y12: 13.007683 | Z12: 0.86131965 | AA12: 33.023876 | AB12: 0.636 | AC12: 0.338 | AD12: 0.069 | AE12: 0.141 | AF12: 0.548
E13: 4 | F13: 7.298 | G13: 246.2 | H13: 20.7 | I13: na | J13: na | N13: 0.034149912 | O13: 0.65039062 | P13: 0.033499521 | Q13: 0.01 | R13: 239.2 | S13: 227.5 | T13: 0.038711017 | U13: 0.22 | V13: 7.68 | W13: 6.8 | X13: 18.791347 | Y13: na | Z13: na | AA13: 38.013747 | AB13: 0.721 | AC13: 0.388 | AD13: 0.082 | AE13: 0.166 | AF13: 0.637
A14: 4 | B14: 4 | C14: Bellingshausen Dome | D14: BH1.4 | E14: 1 | F14: 7.406 | G14: 84.64 | H14: 20.4 | I14: 2180 | J14: 150 | K14: 14.533 | L14: -28.864 | M14: 3.779 | N14: 0.056200252 | O14: 0.78646766 | P14: 0.055413784 | Q14: 0.84 | R14: 209.6 | S14: 198.4 | T14: 0.21090211 | U14: 0.18 | V14: 6.83 | W14: 5.06 | X14: 17.675361 | Y14: 12.352682 | Z14: 0.67857588 | AA14: 40.285204 | AB14: 0.874 | AC14: 0.5 | AD14: 0.081 | AE14: 0.128 | AF14: 0.709
E15: 2 | F15: 7.393 | G15: 83.38 | H15: 20.7 | I15: 2190 | J15: 160 | K15: 13.688 | L15: -28.021 | M15: 3.801 | N15: 0.036988178 | O15: 0.94125 | P15: 0.036046928 | Q15: 1.08 | R15: 203.5 | S15: 117.2 | T15: 0.20491886 | U15: 0.32 | V15: 6.95 | W15: 5.17 | X15: 17.183365 | Y15: 23.22491 | Z15: 0.51202208 | AA15: 44.216781 | AB15: 0.878 | AC15: 0.543 | AD15: 0.079 | AE15: 0.124 | AF15: 0.746
E16: 3 | F16: 7.385 | G16: 83.19 | H16: 20.6 | I16: 2100 | J16: 110 | K16: 19.091 | L16: -28.416 | M16: 3.519 | N16: 0.051605036 | O16: 0.63130602 | P16: 0.05097373 | Q16: 0.57 | R16: 185.6 | S16: 210.1 | T16: 0.20641609 | U16: 0.2 | V16: 6.41 | W16: 6.27 | X16: 17.778828 | Y16: 20.93602 | Z16: 0.55960888 | AA16: 44.737401 | AB16: 0.826 | AC16: 0.496 | AD16: 0.071 | AE16: 0.117 | AF16: 0.685
E17: 4 | F17: 7.319 | G17: 87.93 | H17: 20.5 | I17: na | J17: na | N17: 0.045960806 | O17: 0.99735886 | P17: 0.044963447 | Q17: 0.32 | R17: 192.4 | S17: 179.4 | T17: 0.20357053 | U17: 0.25 | V17: 6.67 | W17: 8 | X17: 16.894814 | Y17: na | Z17: na | AA17: 47.232786 | AB17: 0.864 | AC17: 0.524 | AD17: 0.071 | AE17: 0.118 | AF17: 0.713
A18: 5 | B18: 1 | C18: Bellingshausen Dome | D18: BH2.1 | E18: 1 | F18: 7.729 | G18: 111.6 | H18: 20.9 | I18: 4970 | J18: 370 | K18: 13.432 | L18: -25.866 | M18: 0.967 | N18: 0.0036864998 | O18: 1.1888779 | P18: 0.0024976219 | Q18: 3.5 | R18: 310.4 | S18: 314.1 | T18: 0.14357213 | U18: 0.18 | V18: 12.73 | W18: 11.6 | X18: 41.222224 | Y18: 6.252053 | Z18: 1.0842592 | AA18: 93.873706 | AB18: 1.04 | AC18: 1.283 | AD18: 0.096 | AE18: 0.137 | AF18: 1.515
E19: 2 | F19: 7.749 | G19: 109.5 | H19: 20.7 | I19: 4190 | J19: 320 | K19: 13.094 | L19: -25.841 | M19: 0.923 | N19: 0.0038061207 | O19: 1.0449216 | P19: 0.0027611991 | Q19: 3.49 | R19: 318.5 | S19: 250.1 | T19: 0.1561969 | U19: 0.25 | V19: 13.44 | W19: 10 | X19: 46.266074 | Y19: 7.6813448 | Z19: 2.2228305 | AA19: 91.014255 | AB19: 0.953 | AC19: 1.212 | AD19: 0.079 | AE19: 0.113 | AF19: 1.404
E20: 3 | F20: 7.784 | G20: 104.6 | H20: 20.7 | I20: 4910 | J20: 290 | K20: 16.931 | L20: -25.618 | M20: 0.966 | N20: 0.0047507513 | O20: 1.2996379 | P20: 0.0034511133 | Q20: 3.68 | R20: 345.6 | S20: 396.2 | T20: 0.16149246 | U20: 0.19 | V20: 14.8 | W20: 9.86 | X20: 49.115459 | Y20: 7.9822483 | Z20: 2.2666217 | AA20: 95.965988 | AB20: 1.04 | AC20: 1.334 | AD20: 0.078 | AE20: 0.117 | AF20: 1.529
E21: 4 | F21: 7.82 | G21: 109.3 | H21: 20.6 | I21: na | J21: na | N21: 0.0039580604 | O21: 1.4389747 | P21: 0.0025190857 | Q21: 2.97 | R21: 326.3 | S21: 277.9 | T21: 0.15441905 | U21: 0.27 | V21: 13.92 | W21: 9.59 | X21: 45.373146 | Y21: na | Z21: na | AA21: 95.408046 | AB21: 0.831 | AC21: 1.071 | AD21: 0.054 | AE21: 0.087 | AF21: 1.212
A22: 6 | B22: 2 | C22: Bellingshausen Dome | D22: BH2.2 | E22: 1 | F22: 8.058 | G22: 77.13 | H22: 22 | I22: 1530 | J22: 90 | K22: 17 | L22: -23.927 | M22: 2.004 | N22: 0.0039413151 | O22: 0.93012716 | P22: 0.0030111879 | Q22: 0.76 | R22: 322.4 | S22: 511.6 | T22: 0.12952736 | U22: 0.13 | V22: 11.85 | W22: 11.07 | X22: 17.806321 | Y22: 8.5728197 | Z22: 1.4754963 | AA22: 39.817164 | AB22: 0.568 | AC22: 0.493 | AD22: 0.015 | AE22: 0.047 | AF22: 0.554
E23: 2 | F23: 7.82 | G23: 78.21 | H23: 21.8 | I23: 1520 | J23: 80 | K23: 19 | L23: -23.302 | M23: 2.003 | N23: 0.0037913125 | O23: 0.59271845 | P23: 0.0031985941 | Q23: 1.08 | R23: 298.8 | S23: 326.4 | T23: 0.12099881 | U23: 0.32 | V23: 13.11 | W23: 11.95 | X23: 20.555725 | Y23: 8.2585391 | Z23: 1.2468063 | AA23: 38.684749 | AB23: 0.581 | AC23: 0.507 | AD23: 0.016 | AE23: 0.047 | AF23: 0.57
E24: 3 | F24: 8.024 | G24: 71.55 | H24: 22.6 | I24: 1430 | J24: 80 | K24: 17.875 | L24: -23.501 | M24: 2.011 | N24: 0.0030229048 | O24: 0.71497585 | P24: 0.0023079289 | Q24: 1.11 | R24: 300.2 | S24: 568.7 | T24: 0.12081576 | U24: 0.13 | V24: 12.96 | W24: 13.03 | X24: 19.556556 | Y24: 6.9228467 | Z24: 0.97237837 | AA24: 38.520366 | AB24: 0.634 | AC24: 0.553 | AD24: 0.02 | AE24: 0.053 | AF24: 0.626
E25: 4 | F25: 8.038 | G25: 67.89 | H25: 22.1 | I25: na | J25: na | N25: 0.003610088 | O25: 0.5735121 | P25: 0.0030365759 | Q25: 0.34 | R25: 310.6 | S25: 408.9 | T25: 0.10674023 | U25: 0.28 | V25: 13.2 | W25: 12.56 | X25: 27.465659 | Y25: na | Z25: na | AA25: 38.136807 | AB25: 0.676 | AC25: 0.458 | AD25: 0.012 | AE25: 0.044 | AF25: 0.514
A26: 7 | B26: 3 | C26: Bellingshausen Dome | D26: BH2.3 | E26: 1 | F26: 7.94 | G26: 61.68 | H26: 21.4 | I26: 950 | J26: 60 | K26: 15.833 | L26: -29.999 | M26: 7.438 | N26: 0.0031223484 | O26: 0.33703947 | P26: 0.002785309 | Q26: 0.61 | R26: 265.8 | S26: 300.3 | T26: 0.074476238 | U26: 0.45 | V26: 12.7 | W26: 9.55 | X26: 16.033308 | Y26: 6.8732411 | Z26: 1.8619247 | AA26: 19.551845 | AB26: 0.681 | AC26: 0.417 | AD26: 0.01 | AE26: 0.001 | AF26: 0.428
E27: 2 | F27: 7.942 | G27: 62.39 | H27: 21.8 | I27: 890 | J27: 40 | K27: 22.25 | L27: -29.351 | M27: 7.539 | N27: 0.0027878721 | O27: 0.38774704 | P27: 0.0024001251 | Q27: 0 | R27: 277.7 | S27: 375.1 | T27: 0.071934005 | U27: 0.12 | V27: 13.44 | W27: 13.42 | X27: 18.253047 | Y27: 7.1623048 | Z27: 1.8408907 | AA27: 20.115665 | AB27: 0.645 | AC27: 0.402 | AD27: 0.006 | AE27: 0.026 | AF27: 0.434
E28: 3 | F28: 7.998 | G28: 60.49 | H28: 22.1 | I28: 900 | J28: 70 | K28: 12.857 | L28: -29.601 | M28: 7.092 | N28: 0.0027552972 | O28: 0.28731466 | P28: 0.0024679825 | Q28: 0 | R28: 233.5 | S28: 114.5 | T28: 0.064405894 | U28: 0.12 | V28: 12.62 | W28: 10.09 | X28: 16.80603 | Y28: 6.7287092 | Z28: 1.6515841 | AA28: 29.027669 | AB28: 0.656 | AC28: 0.403 | AD28: 0.007 | AE28: 0.028 | AF28: 0.437
E29: 4 | F29: 8.003 | G29: 63.76 | H29: 22.1 | I29: na | J29: na | N29: 0.0025250945 | O29: 0.36562604 | P29: 0.0021594685 | Q29: 0 | R29: 233.8 | S29: 345.3 | T29: 0.056518011 | U29: 0.11 | V29: 13.69 | W29: 12.67 | X29: 22.345597 | Y29: na | Z29: na | AA29: 25.590182 | AB29: 0.609 | AC29: 0.366 | AD29: 0.002 | AE29: 0.025 | AF29: 0.393
A30: 8 | B30: 4 | C30: Bellingshausen Dome | D30: BH2.4 | E30: 1 | F30: 7.48 | G30: 52.94 | H30: 21.3 | I30: 5420 | J30: 430 | K30: 12.605 | L30: -27.368 | M30: -0.763 | N30: 0.0059444409 | O30: 1.2230159 | P30: 0.004721425 | Q30: 3.96 | R30: 265.5 | S30: 221.9 | T30: 0.020181552 | U30: 0.19 | V30: 6.7 | W30: 11.04 | X30: 21.160357 | Y30: 7.908151 | Z30: 3.6217601 | AA30: 58.091582 | AB30: 0.983 | AC30: 0.681 | AD30: 0.063 | AE30: 0.174 | AF30: 0.918
E31: 2 | F31: 7.467 | G31: 51.71 | H31: 21.6 | I31: 5820 | J31: 330 | K31: 17.636 | L31: -27.501 | M31: -0.681 | N31: 0.005137459 | O31: 0.89423394 | P31: 0.004243225 | Q31: 1.18 | R31: 260.2 | S31: 270.7 | T31: 0.011548596 | U31: 0.09 | V31: 7 | W31: 5.94 | X31: 21.437887 | Y31: 7.118208 | Z31: 3.2078959 | AA31: 58.826465 | AB31: 0.95 | AC31: 0.663 | AD31: 0.062 | AE31: 0.169 | AF31: 0.894
E32: 3 | F32: 7.413 | G32: 52.6 | H32: 21.7 | I32: 5770 | J32: 290 | K32: 19.897 | L32: -27.082 | M32: -0.783 | N32: 0.006448663 | O32: 0.80927327 | P32: 0.0056393897 | Q32: 3.62 | R32: 247 | S32: 261 | T32: 0.015225747 | U32: 0.31 | V32: 7.05 | W32: 7.05 | X32: 22.268467 | Y32: 7.1972023 | Z32: 2.0812656 | AA32: 58.593453 | AB32: 0.831 | AC32: 0.545 | AD32: 0.054 | AE32: 0.144 | AF32: 0.744
E33: 4 | F33: 7.439 | G33: 52.09 | H33: 21.7 | I33: na | J33: na | N33: 0.0066788857 | O33: 0.80767968 | P33: 0.005871206 | Q33: 3.51 | R33: 235.6 | S33: 177.1 | T33: 0.018811296 | U33: 0.11 | V33: 6.76 | W33: 5.19 | X33: 21.364527 | Y33: na | Z33: na | AA33: 61.120733 | AB33: 0.848 | AC33: 0.55 | AD33: 0.069 | AE33: 0.167 | AF33: 0.786
A34: 9 | B34: 1 | C34: Marian Cove | D34: MC.1.1 | E34: 1 | F34: 7.725 | G34: 79.96 | H34: 22 | I34: 2220 | J34: 130 | K34: 17.077 | L34: -26.243 | M34: 3.506 | N34: 0.010435142 | O34: 0.10140294 | P34: 0.010333739 | Q34: 15.87 | R34: 520.3 | S34: 674.2 | T34: 3.5162144 | U34: 0.22 | V34: 1.15 | W34: 0.54 | X34: 26.96647 | Y34: 4.6403825 | Z34: 0.60083718 | AA34: 5.7043749 | AB34: 0.1 | AC34: 0.065 | AD34: 0 | AE34: 0.012 | AF34: 0.077
E35: 2 | F35: 7.668 | G35: 77.99 | H35: 21.5 | I35: 2310 | J35: 170 | K35: 13.588 | L35: -27.092 | M35: 3.671 | N35: 0.010643845 | O35: 0.10216963 | P35: 0.010541675 | Q35: 15.84 | R35: 474.1 | S35: 781 | T35: 3.6763226 | U35: 0.25 | V35: 0.94 | W35: 0.51 | X35: 33.401044 | Y35: 4.8575259 | Z35: 0.64297237 | AA35: 5.3935596 | AB35: 0.091 | AC35: 0.06 | AD35: 0 | AE35: 0.011 | AF35: 0.071
E36: 3 | F36: 7.724 | G36: 82.71 | H36: 21.4 | I36: 2530 | J36: 120 | K36: 21.083 | L36: -26.822 | M36: 3.61 | N36: 0.012045608 | O36: 0.051084813 | P36: 0.011994523 | Q36: 17.44 | R36: 484.5 | S36: 972 | T36: 3.9225876 | U36: 0.08 | V36: 1 | W36: 1.01 | X36: 36.853087 | Y36: 5.2194315 | Z36: 0.72724273 | AA36: 6.5454045 | AB36: 0.07 | AC36: 0.047 | AD36: 0 | AE36: 0.009 | AF36: 0.056
E37: 4 | F37: 7.713 | G37: 85.27 | H37: 21.5 | I37: na | J37: na | N37: 0.013729177 | O37: 0.077493351 | P37: 0.013651684 | Q37: 15.22 | R37: 464.3 | S37: 1169 | T37: 3.6419484 | U37: 0.15 | V37: 0.98 | W37: 0.77 | X37: 37.110016 | Y37: na | Z37: na | AA37: 7.4595671 | AB37: 0.094 | AC37: 0.06 | AD37: 0 | AE37: 0.011 | AF37: 0.071
A38: 10 | B38: 2 | C38: Marian Cove | D38: MC.1.2 | E38: 1 | F38: 7.422 | G38: 47.26 | H38: 21.3 | I38: 3720 | J38: 280 | K38: 13.286 | L38: -27.752 | M38: -2.268 | N38: 0.0087211814 | O38: 0.025256538 | P38: 0.0086959249 | Q38: 11.58 | R38: 762.4 | S38: 563.9 | T38: 0.59565666 | U38: 0.35 | V38: 5.44 | W38: 0.26 | X38: 15.316988 | Y38: 7.1749113 | Z38: 0.61969452 | AA38: 14.126354 | AB38: 0.159 | AC38: 0.104 | AD38: 0.015 | AE38: 0.036 | AF38: 0.155
E39: 2 | F39: 7.426 | G39: 47.97 | H39: 21.6 | I39: 4910 | J39: 330 | K39: 14.879 | L39: -28.022 | M39: -2.112 | N39: 0.010120432 | O39: 0.02497545 | P39: 0.010095456 | Q39: 11.65 | R39: 777.8 | S39: 601.5 | T39: 0.66201193 | U39: 0.41 | V39: 5.7 | W39: 3 | X39: 13.824402 | Y39: 6.5776888 | Z39: 0.64142332 | AA39: 14.838753 | AB39: 0.143 | AC39: 0.093 | AD39: 0.01 | AE39: 0.032 | AF39: 0.136
E40: 3 | F40: 7.31 | G40: 48.86 | H40: 21.8 | I40: 3010 | J40: 260 | K40: 11.577 | L40: -27.534 | M40: -2.304 | N40: 0.0094314138 | O40: 0.049934555 | P40: 0.0093814792 | Q40: 7.79 | R40: 1031 | S40: 532.6 | T40: 0.71728751 | U40: 0.53 | V40: 7.27 | W40: 2.9 | X40: 14.515035 | Y40: 12.773872 | Z40: 1.9451513 | AA40: 15.916039 | AB40: 0.16 | AC40: 0.102 | AD40: 0.014 | AE40: 0.036 | AF40: 0.152
E41: 4 | F41: 7.35 | G41: 47.3 | H41: 21.7 | I41: na | J41: na | N41: 0.010317383 | O41: 0.025098684 | P41: 0.010292284 | Q41: 11.72 | R41: 757.6 | S41: 498.6 | T41: 0.65924186 | U41: 0.55 | V41: 5.18 | W41: 3.64 | X41: 15.336071 | Y41: na | Z41: na | AA41: 15.377396 | AB41: 0.171 | AC41: 0.109 | AD41: 0.018 | AE41: 0.04 | AF41: 0.167
A42: 11 | B42: 3 | C42: Marian Cove | D42: MC.1.3 | E42: 1 | F42: 7.588 | G42: 48.21 | H42: 21.3 | I42: 3330 | J42: 250 | K42: 13.32 | L42: -28.214 | M42: -2.621 | N42: 0.011524057 | O42: 0 | P42: 0.011524057 | Q42: 3.33 | R42: 349.2 | S42: 480.6 | T42: 0.51936544 | U42: 0.14 | V42: 0.46 | W42: 0 | X42: 17.706395 | Y42: 12.063132 | Z42: 1.3062769 | AA42: 16.290523 | AB42: 0.001 | AC42: 0.011 | AD42: 0 | AE42: 0.003 | AF42: 0.014
E43: 2 | F43: 7.549 | G43: 45.33 | H43: 21.7 | I43: 3170 | J43: 280 | K43: 11.321 | L43: -28.302 | M43: -2.68 | N43: 0.010482185 | O43: 0 | P43: 0.010482185 | Q43: 6.73 | R43: 401.7 | S43: 322.3 | T43: 0.25847622 | U43: 0.18 | V43: 0.36 | W43: 0 | X43: 14.972507 | Y43: 6.2408399 | Z43: 0.92746968 | AA43: 16.420549 | AB43: 0.003 | AC43: 0.01 | AD43: 0 | AE43: 0.002 | AF43: 0.012
E44: 3 | F44: 7.635 | G44: 46.34 | H44: 21.7 | I44: 3980 | J44: 220 | K44: 18.091 | L44: -28.009 | M44: -2.309 | N44: 0.0086160351 | O44: 0 | P44: 0.0086160351 | Q44: 6.3 | R44: 383.1 | S44: 536.3 | T44: 0.27968762 | U44: 0.05 | V44: 0.5 | W44: 0 | X44: 14.962847 | Y44: 16.789464 | Z44: 1.3860258 | AA44: 18.39696 | AB44: 0.002 | AC44: 0.01 | AD44: 0 | AE44: 0.001 | AF44: 0.011
E45: 4 | F45: 7.545 | G45: 45.6 | H45: 21.5 | I45: na | J45: na | N45: 0.0087035219 | O45: 0 | P45: 0.0087035219 | Q45: 6.97 | R45: 395.7 | S45: 517.1 | T45: 0.40218532 | U45: 0.24 | V45: 0.51 | W45: 0 | X45: 14.964935 | Y45: na | Z45: na | AA45: 17.887997 | AB45: 0.003 | AC45: 0.01 | AD45: 0 | AE45: 0.001 | AF45: 0.011
A46: 12 | B46: 4 | C46: Marian Cove | D46: MC.1.4 | E46: 1 | F46: 7.291 | G46: 40.48 | H46: 20.9 | I46: 4500 | J46: 280 | K46: 16.071 | L46: -31.593 | M46: 0.58 | N46: 0.021706861 | O46: 0.049967256 | P46: 0.021656894 | Q46: 6.36 | R46: 710.9 | S46: 1093 | T46: 0.23743459 | U46: 0.24 | V46: 0.49 | W46: 0.88 | X46: 12.520035 | Y46: 5.8659082 | Z46: 0.78357522 | AA46: 12.957141 | AB46: 0.002 | AC46: 0.01 | AD46: 0 | AE46: 0.006 | AF46: 0.016
E47: 2 | F47: 7.279 | G47: 39.54 | H47: 21.1 | I47: 5610 | J47: 300 | K47: 18.7 | L47: -31.028 | M47: 0.602 | N47: 0.018955603 | O47: 0.025057471 | P47: 0.018930546 | Q47: 9.07 | R47: 586.4 | S47: 1215 | T47: 0.37272765 | U47: 0.25 | V47: 0.37 | W47: 0.9 | X47: 12.468238 | Y47: 5.6615458 | Z47: 0.92236813 | AA47: 14.627832 | AB47: 0.003 | AC47: 0.011 | AD47: 0 | AE47: 0.007 | AF47: 0.018
E48: 3 | F48: 7.3 | G48: 38.8 | H48: 21.2 | I48: 4870 | J48: 310 | K48: 15.71 | L48: -31.83 | M48: 0.621 | N48: 0.017349153 | O48: 0.049804178 | P48: 0.017299349 | Q48: 6.3 | R48: 658.1 | S48: 1344 | T48: 0.11830692 | U48: 0.19 | V48: 0.52 | W48: 0.69 | X48: 13.345663 | Y48: 5.6615458 | Z48: 0.80340278 | AA48: 14.238004 | AB48: 0.001 | AC48: 0.01 | AD48: 0 | AE48: 0.007 | AF48: 0.017
E49: 4 | F49: 7.209 | G49: 39.96 | H49: 21.2 | I49: na | J49: na | N49: 0.020627035 | O49: 0.050329815 | P49: 0.020576705 | Q49: 6.86 | R49: 731.1 | S49: 465 | T49: 0.24873325 | U49: 0.3 | V49: 0.68 | W49: 0.25 | X49: 12.91479 | Y49: na | Z49: na | AA49: 12.567313 | AB49: 0.002 | AC49: 0.01 | AD49: 0 | AE49: 0.007 | AF49: 0.017
A50: 13 | B50: 1 | C50: Barton Peninsula | D50: BP1.1 | E50: 1 | F50: 4.52 | G50: 118.9 | H50: 22.3 | I50: 890 | J50: 80 | K50: 11.125 | L50: -34.838 | M50: 3.933 | N50: 0.099085507 | O50: 0 | P50: 0.099085507 | Q50: 4.84 | R50: 332.3 | S50: 166.2 | T50: 0.045860482 | U50: 1.22 | V50: 5.15 | W50: 3.36 | X50: 34.702267 | Y50: 6.7270263 | Z50: 0.1500675 | AA50: 94.76221 | AB50: 0.167 | AC50: 0.139 | AD50: 0 | AE50: 0.016 | AF50: 0.155
E51: 2 | F51: 4.526 | G51: 129.3 | H51: 22.1 | I51: 900 | J51: 80 | K51: 11.25 | L51: -35.372 | M51: 3.849 | N51: 0.095754288 | O51: 0 | P51: 0.095754288 | Q51: 5.18 | R51: 323.4 | S51: 153.2 | T51: 0.076184515 | U51: 0.83 | V51: 5.06 | W51: 2.67 | X51: 30.683357 | Y51: 5.8356698 | Z51: 0.22989594 | AA51: 107.51435 | AB51: 0.173 | AC51: 0.143 | AD51: 0 | AE51: 0.017 | AF51: 0.16
E52: 3 | F52: 4.52 | G52: 129.8 | H52: 22.9 | I52: 560 | J52: 60 | K52: 9.333 | L52: -34.632 | M52: 3.902 | N52: 0.10105324 | O52: 0.042044359 | P52: 0.1010112 | Q52: 3.61 | R52: 272.1 | S52: 164.7 | T52: 0.16466611 | U52: 1.05 | V52: 4.68 | W52: 3.16 | X52: 32.273242 | Y52: 5.6299721 | Z52: 0.28976728 | AA52: 100.65213 | AB52: 0.163 | AC52: 0.138 | AD52: 0 | AE52: 0.017 | AF52: 0.155
E53: 4 | F53: 4.452 | G53: 130.4 | H53: 22.4 | I53: na | J53: na | N53: 0.091454087 | O53: 0 | P53: 0.091454087 | Q53: 4.42 | R53: 298.3 | S53: 166.2 | T53: 0.039815328 | U53: 1.11 | V53: 5.02 | W53: 3.69 | X53: 36.461883 | Y53: na | Z53: na | AA53: 107.49565 | AB53: 0.173 | AC53: 0.143 | AD53: 0 | AE53: 0.016 | AF53: 0.159
A54: 14 | B54: 2 | C54: Barton Peninsula | D54: BP1.2 | E54: 1 | F54: 6.188 | G54: 107 | H54: 22.7 | I54: 11500 | J54: 890 | K54: 12.921 | L54: -25.147 | M54: -8.17 | N54: 0.18743802 | O54: 0.14482091 | P54: 0.1872932 | Q54: 5.71 | R54: 438 | S54: 480.4 | T54: 0.0073319264 | U54: 0.65 | V54: 14.88 | W54: 12.6 | X54: 5.3749994 | Y54: 6.0025398 | Z54: 0.82089269 | AA54: 109.09592 | AB54: 0.729 | AC54: 0.087 | AD54: 0 | AE54: 0.004 | AF54: 0.091
E55: 2 | F55: 6.211 | G55: 108.5 | H55: 22.4 | I55: 11920 | J55: 720 | K55: 16.556 | L55: -25.342 | M55: -8.23 | N55: 0.19269249 | O55: 0.050899743 | P55: 0.19264159 | Q55: 4.43 | R55: 454.1 | S55: 519.4 | T55: 0.0073510906 | U55: 0.53 | V55: 15.37 | W55: 13.63 | X55: 5.0915593 | Y55: 5.1461596 | Z55: 0.55085878 | AA55: 107.37857 | AB55: 0.679 | AC55: 0.083 | AD55: 0 | AE55: 0.005 | AF55: 0.088
E56: 3 | F56: 6.22 | G56: 108.1 | H56: 22.4 | I56: 11020 | J56: 840 | K56: 13.119 | L56: -24.922 | M56: -8.22 | N56: 0.2012624 | O56: 0 | P56: 0.2012624 | Q56: 7.9 | R56: 450.2 | S56: 473 | T56: 0.0036651669 | U56: 0.75 | V56: 14.76 | W56: 12.8 | X56: 5.2681754 | Y56: 5.2175246 | Z56: 0.6131743 | AA56: 100.29672 | AB56: 0.677 | AC56: 0.081 | AD56: 0 | AE56: 0.004 | AF56: 0.085
E57: 4 | F57: 6.216 | G57: 111.1 | H57: 22.3 | I57: na | J57: na | N57: 0.22037831 | O57: 0.020715631 | P57: 0.22035759 | Q57: 4.93 | R57: 455.9 | S57: 502.6 | T57: 0.0018559644 | U57: 0.54 | V57: 14.09 | W57: 14.07 | X57: 4.9825465 | Y57: na | Z57: na | AA57: 131.72243 | AB57: 0.627 | AC57: 0.077 | AD57: 0 | AE57: 0.004 | AF57: 0.081
A58: 15 | B58: 3 | C58: Barton Peninsula | D58: BP1.3 | E58: 1 | F58: 3.851 | G58: 119.3 | H58: 22.3 | I58: 720 | J58: 50 | K58: 14.4 | L58: -33.155 | M58: 18.465 | N58: 0.0099608701 | O58: 0.12761097 | P58: 0.0098332591 | Q58: 0.36 | R58: 191.2 | S58: 321.4 | T58: 0.0489886 | U58: 0.66 | V58: 10.75 | W58: 14.05 | X58: 44.093582 | Y58: 5.413266 | Z58: 0.75682792 | AA58: 73.348804 | AB58: 0.979 | AC58: 0.053 | AD58: 0 | AE58: 0.003 | AF58: 0.056
E59: 2 | F59: 3.806 | G59: 119.8 | H59: 22.9 | I59: 820 | J59: 40 | K59: 20.5 | L59: -33.637 | M59: 17.392 | N59: 0.017068176 | O59: 0.25982318 | P59: 0.016808353 | Q59: 0.02 | R59: 190.5 | S59: 284.3 | T59: 0.064605548 | U59: 0.66 | V59: 10.1 | W59: 13.52 | X59: 43.970992 | Y59: 6.0369908 | Z59: 0.75682792 | AA59: 102.99697 | AB59: 0.966 | AC59: 0.053 | AD59: 0 | AE59: 0.003 | AF59: 0.056
E60: 3 | F60: 3.806 | G60: 119.8 | H60: 22.3 | I60: 690 | J60: 60 | K60: 11.5 | L60: -34.827 | M60: 18.003 | N60: 0.013772443 | O60: 0.070234651 | P60: 0.013702208 | Q60: 0.15 | R60: 178.7 | S60: 302.5 | T60: 0.045761604 | U60: 0.56 | V60: 10.24 | W60: 14.58 | X60: 37.317296 | Y60: 6.3142018 | Z60: 0.63579839 | AA60: 107.46326 | AB60: 0.933 | AC60: 0.052 | AD60: 0 | AE60: 0.003 | AF60: 0.055
E61: 4 | F61: 3.839 | G61: 117.1 | H61: 22.3 | I61: na | J61: na | N61: 0.017714805 | O61: 0.41723356 | P61: 0.017297571 | Q61: 0.07 | R61: 170.1 | S61: 289 | T61: 0.071168955 | U61: 0.71 | V61: 9.4 | W61: 14.1 | X61: 37.874232 | Y61: na | Z61: na | AA61: 96.588028 | AB61: 0.958 | AC61: 0.053 | AD61: 0 | AE61: 0.004 | AF61: 0.057
A62: 16 | B62: 4 | C62: Barton Peninsula | D62: BP1.4 | E62: 1 | F62: 4.296 | G62: 113.5 | H62: 23 | I62: 1320 | J62: 110 | K62: 12 | L62: -32.236 | M62: -3.054 | N62: 0.0084127296 | O62: 0.10878244 | P62: 0.0083039472 | Q62: 1.29 | R62: 232.6 | S62: 173.9 | T62: 0.061464716 | U62: 0.19 | V62: 10.21 | W62: 8.8 | X62: 8.6500385 | Y62: 10.550114 | Z62: 1.0334632 | AA62: 107.42695 | AB62: 0.428 | AC62: 0.026 | AD62: 0 | AE62: 0.011 | AF62: 0.037
E63: 2 | F63: 4.296 | G63: 111.4 | H63: 22.3 | I63: 1920 | J63: 240 | K63: 8 | L63: -32.421 | M63: -3.089 | N63: 0.0082712477 | O63: 0.032058824 | P63: 0.0082391889 | Q63: 1.05 | R63: 227.5 | S63: 168 | T63: 0.084037267 | U63: 0.32 | V63: 10.05 | W63: 8.78 | X63: 9.1283521 | Y63: 8.0902309 | Z63: 0.66524223 | AA63: 118.3748 | AB63: 0.427 | AC63: 0.026 | AD63: 0 | AE63: 0.009 | AF63: 0.035
E64: 3 | F64: 4.301 | G64: 111.4 | H64: 22.4 | I64: 1650 | J64: 170 | K64: 9.706 | L64: -32.023 | M64: -3.05 | N64: 0.0075570094 | O64: 0 | P64: 0.0075570094 | Q64: 0 | R64: 208.4 | S64: 173.6 | T64: 0.07320241 | U64: 0.06 | V64: 9.82 | W64: 9.26 | X64: 9.7591226 | Y64: 5.9114777 | Z64: 0.58341536 | AA64: 119.82725 | AB64: 0.463 | AC64: 0.026 | AD64: 0 | AE64: 0.01 | AF64: 0.036
E65: 4 | F65: 4.244 | G65: 113.4 | H65: 22.7 | I65: na | J65: na | N65: 0.010530976 | O65: 0.0071102414 | P65: 0.010523866 | Q65: 0 | R65: 219.4 | S65: 176.7 | T65: 0.075748441 | U65: 0.29 | V65: 9.67 | W65: 9.2 | X65: 10.463194 | Y65: na | Z65: na | AA65: 111.2941 | AB65: 0.456 | AC65: 0.028 | AD65: 0 | AE65: 0.011 | AF65: 0.039
A66: 17 | B66: 1 | C66: Barton Peninsula | D66: BP2.1 | E66: 1 | F66: 7.124 | G66: 80.84 | H66: 22.9 | I66: 2430 | J66: 160 | K66: 15.188 | L66: -29.138 | M66: -6.211 | N66: 0.017216469 | O66: 0.11644737 | P66: 0.017100021 | Q66: 1.02 | R66: 400.7 | S66: 283 | T66: 1.2686653 | U66: 0.6 | V66: 7.45 | W66: 5.78 | X66: 23.942915 | Y66: 16.184942 | Z66: 0.23473952 | AA66: 79.141669 | AB66: 0.19 | AC66: 0.137 | AD66: 0 | AE66: 0.019 | AF66: 0.156
E67: 2 | F67: 7.214 | G67: 83.82 | H67: 22.9 | I67: 2380 | J67: 130 | K67: 18.308 | L67: -29.135 | M67: -6.402 | N67: 0.020422794 | O67: 0.25771013 | P67: 0.020165084 | Q67: 1.46 | R67: 397.9 | S67: 230.3 | T67: 1.1578614 | U67: 0.61 | V67: 6.95 | W67: 5.48 | X67: 23.299551 | Y67: 16.261608 | Z67: 0.8149218 | AA67: 80.356645 | AB67: 0.191 | AC67: 0.14 | AD67: 0 | AE67: 0.019 | AF67: 0.159
E68: 3 | F68: 7.268 | G68: 80.63 | H68: 22.9 | I68: 2630 | J68: 200 | K68: 13.15 | L68: -28.834 | M68: -6.302 | N68: 0.018980924 | O68: 0.062310231 | P68: 0.018918614 | Q68: 0.73 | R68: 345.7 | S68: 192.9 | T68: 1.2862604 | U68: 0.34 | V68: 6.6 | W68: 5.12 | X68: 25.840337 | Y68: 19.174907 | Z68: 0.63640418 | AA68: 88.375486 | AB68: 0.191 | AC68: 0.144 | AD68: 0 | AE68: 0.02 | AF68: 0.164
E69: 4 | F69: 7.229 | G69: 80.05 | H69: 22.7 | I69: na | J69: na | N69: 0.030251854 | O69: 0.4126943 | P69: 0.02983916 | Q69: 1.4 | R69: 320.3 | S69: 200.9 | T69: 1.2185356 | U69: 0.46 | V69: 6.66 | W69: 4.92 | X69: 25.890742 | Y69: na | Z69: na | AA69: 91.665268 | AB69: 0.195 | AC69: 0.142 | AD69: 0 | AE69: 0.021 | AF69: 0.163
A70: 18 | B70: 2 | C70: Barton Peninsula | D70: BP2.2 | E70: 1 | F70: 8.295 | G70: 175 | H70: 23 | I70: 5480 | J70: 60 | K70: 91.333 | L70: -27.275 | M70: 6.904 | N70: 0.053617129 | O70: 2.0779694 | P70: 0.05153916 | Q70: 6.51 | R70: 449.3 | S70: 406 | T70: 0.11361741 | U70: 0.16 | V70: 8.54 | W70: 7.98 | X70: 13.990629 | Y70: 7.3437568 | Z70: 0.28580688 | AA70: 157.44327 | AB70: 0.412 | AC70: 0.386 | AD70: 0 | AE70: 0.018 | AF70: 0.404
E71: 2 | F71: 8.46 | G71: 167.5 | H71: 23.2 | I71: 5910 | J71: 30 | K71: 197 | L71: -27.436 | M71: 6.788 | N71: 0.039201023 | O71: 1.30042 | P71: 0.037900603 | Q71: 10.66 | R71: 463.7 | S71: 364 | T71: 0.075644757 | U71: 0.21 | V71: 9.09 | W71: 8.27 | X71: 8.7504281 | Y71: 6.8353393 | Z71: 0.26466654 | AA71: 22.073723 | AB71: 0.404 | AC71: 0.37 | AD71: 0 | AE71: 0.016 | AF71: 0.386
E72: 3 | F72: 8.389 | G72: 170.8 | H72: 22.9 | I72: 4690 | J72: 50 | K72: 93.8 | L72: -28.462 | M72: 7.092 | N72: 0.048440502 | O72: 0.65270573 | P72: 0.047787797 | Q72: 9.39 | R72: 499.9 | S72: 302.5 | T72: 0.080977324 | U72: 0.15 | V72: 11.17 | W72: 6.69 | X72: 8.4105111 | Y72: 7.1984947 | Z72: 0.32808757 | AA72: 31.241958 | AB72: 0.41 | AC72: 0.376 | AD72: 0 | AE72: 0.016 | AF72: 0.392
E73: 4 | F73: 8.387 | G73: 170.3 | H73: 22.6 | I73: na | J73: na | N73: 0.048113517 | O73: 1.2810373 | P73: 0.04683248 | Q73: 7.49 | R73: 509.3 | S73: 284.2 | T73: 0.13357813 | U73: 0.21 | V73: 10.71 | W73: 6.39 | X73: 12.539974 | Y73: na | Z73: na | AA73: 20.692965 | AB73: 0.418 | AC73: 0.383 | AD73: 0 | AE73: 0.018 | AF73: 0.401
A74: 19 | B74: 3 | C74: Barton Peninsula | D74: BP2.3 | E74: 1 | F74: 8.609 | G74: 138 | H74: 22.4 | I74: 9980 | J74: 50 | K74: 199.6 | L74: -28.369 | M74: 3.178 | N74: 0.027393332 | O74: 0.63124797 | P74: 0.026762084 | Q74: 1.69 | R74: 338.4 | S74: 428.9 | T74: 0.058676928 | U74: 0.43 | V74: 25.43 | W74: 17.54 | X74: 7.6006798 | Y74: 6.0335294 | Z74: 0.30011526 | AA74: 14.830537 | AB74: 0.646 | AC74: 0.337 | AD74: 0.009 | AE74: 0.047 | AF74: 0.393
E75: 2 | F75: 8.701 | G75: 135.3 | H75: 22.5 | I75: 8390 | J75: 80 | K75: 104.875 | L75: -28.923 | M75: 3.293 | N75: 0.023037373 | O75: 0.55243627 | P75: 0.022484936 | Q75: 2.94 | R75: 372.6 | S75: 395.3 | T75: 0.057609967 | U75: 0.33 | V75: 25.21 | W75: 19.28 | X75: 7.6538977 | Y75: 6.7199343 | Z75: 0.30011526 | AA75: 14.027901 | AB75: 0.639 | AC75: 0.339 | AD75: 0.009 | AE75: 0.047 | AF75: 0.395
E76: 3 | F76: 8.693 | G76: 133.2 | H76: 22.9 | I76: 9280 | J76: 60 | K76: 154.667 | L76: -29.462 | M76: 3.021 | N76: 0.035944689 | O76: 0.90530426 | P76: 0.035039385 | Q76: 2.32 | R76: 370.7 | S76: 236.9 | T76: 0.064248902 | U76: 0.39 | V76: 24.61 | W76: 9.21 | X76: 8.3555918 | Y76: 7.4063392 | Z76: 0.25571787 | AA76: 124.95594 | AB76: 0.648 | AC76: 0.337 | AD76: 0.009 | AE76: 0.047 | AF76: 0.392
E77: 4 | F77: 8.647 | G77: 139.3 | H77: 22.5 | I77: na | J77: na | N77: 0.028003251 | O77: 0.77042752 | P77: 0.027232823 | Q77: 1.76 | R77: 394.6 | S77: 411.2 | T77: 0.38583651 | U77: 0 | V77: 24.73 | W77: 15.74 | X77: 7.1881825 | Y77: na | Z77: na | AA77: 9.3580144 | AB77: 0.623 | AC77: 0.316 | AD77: 0.006 | AE77: 0.045 | AF77: 0.367
A78: 20 | B78: 4 | C78: Barton Peninsula | D78: BP2.4 | E78: 1 | F78: 8.546 | G78: 136.5 | H78: 22.6 | I78: 5470 | J78: 90 | K78: 60.778 | L78: -21.882 | M78: 5.768 | N78: 0.029542114 | O78: 0.82280293 | P78: 0.028719311 | Q78: 4.95 | R78: 309.9 | S78: 356.5 | T78: 0.099266802 | U78: 0.57 | V78: 11.72 | W78: 6.6 | X78: 3.193635 | Y78: 12.218002 | Z78: 0.87189761 | AA78: 56.983578 | AB78: 0.144 | AC78: 0.175 | AD78: 0 | AE78: 0.042 | AF78: 0.217
E79: 2 | F79: 8.545 | G79: 137.1 | H79: 22.7 | I79: 5800 | J79: 80 | K79: 72.5 | L79: -22.311 | M79: 5.892 | N79: 0.030997844 | O79: 0.748501 | P79: 0.030249343 | Q79: 5.26 | R79: 279.7 | S79: 380.8 | T79: 0.092163866 | U79: 0.29 | V79: 8.88 | W79: 7.3 | X79: 2.8275715 | Y79: 7.7852837 | Z79: 0.84926238 | AA79: 55.916056 | AB79: 0.192 | AC79: 0.23 | AD79: 0.009 | AE79: 0.058 | AF79: 0.297
E80: 3 | F80: 8.462 | G80: 133.8 | H80: 22.6 | I80: 5190 | J80: 110 | K80: 47.182 | L80: -21.928 | M80: 5.503 | N80: 0.02559482 | O80: 0.69790349 | P80: 0.024896916 | Q80: 3.79 | R80: 363.8 | S80: 383.8 | T80: 0.085681096 | U80: 0.71 | V80: 10.13 | W80: 7.88 | X80: 3.3952319 | Y80: 14.939846 | Z80: 0.73608625 | AA80: 17.209188 | AB80: 0.145 | AC80: 0.186 | AD80: 0.001 | AE80: 0.046 | AF80: 0.233
E81: 4 | F81: 8.49 | G81: 133.2 | H81: 22.7 | I81: na | J81: na | N81: 0.032670278 | O81: 0.84157303 | P81: 0.031828705 | Q81: 5.57 | R81: 351.5 | S81: 431.1 | T81: 0.098937886 | U81: 0.45 | V81: 9.45 | W81: 7.72 | X81: 3.3755122 | Y81: na | Z81: na | AA81: 16.822671 | AB81: 0.139 | AC81: 0.17 | AD81: 0 | AE81: 0.041 | AF81: 0.211
A82: 21 | B82: 1 | C82: Barton Peninsula | D82: BP3.1 | E82: 1 | F82: 7.293 | G82: 140.3 | H82: 22.9 | I82: 1465.8709 | J82: 130 | K82: 11.276 | L82: -31.14 | M82: -4.22 | N82: 0.010008619 | O82: 0.23217334 | P82: 0.0097764456 | Q82: 0.41 | R82: 90.57 | S82: 483 | T82: 1.3780258 | U82: 0.08 | V82: 11.23 | W82: 14.02 | X82: 29.385103 | Y82: 15.85559 | Z82: 0.13132321 | AA82: 55.561401 | AB82: 0.175 | AC82: 0.076 | AD82: 0 | AE82: 0.007 | AF82: 0.083
E83: 2 | F83: 7.215 | G83: 133.3 | H83: 22.9 | I83: 1700 | J83: 180 | K83: 9.444 | L83: -32.18 | M83: -4.98 | N83: 0.012338625 | O83: 0.37298869 | P83: 0.011965636 | Q83: 0.29 | R83: 94.01 | S83: 390.5 | T83: 1.467108 | U83: 0 | V83: 11.63 | W83: 13.04 | X83: 30.523051 | Y83: 11.218853 | Z83: 0.091036927 | AA83: 55.217793 | AB83: 0.179 | AC83: 0.077 | AD83: 0 | AE83: 0.007 | AF83: 0.084
E84: 3 | F84: 7.174 | G84: 147.4 | H84: 22.8 | I84: 1900 | J84: 180 | K84: 10.556 | L84: -32.9 | M84: -4.02 | N84: 0.005035838 | O84: 0.22344392 | P84: 0.004812394 | Q84: 0.18 | R84: 93.39 | S84: 648.4 | T84: 1.6294629 | U84: 0.04 | V84: 10.79 | W84: 19.25 | X84: 29.762401 | Y84: 12.672159 | Z84: 0.070893786 | AA84: 63.790811 | AB84: 0.188 | AC84: 0.078 | AD84: 0 | AE84: 0.007 | AF84: 0.085
E85: 4 | F85: 7.187 | G85: 139.8 | H85: 22.9 | I85: na | J85: na | N85: 0.011232642 | O85: 0.37298869 | P85: 0.010859653 | Q85: 0.03 | R85: 96.64 | S85: 454.3 | T85: 1.6334932 | U85: 0 | V85: 11.34 | W85: 13.93 | X85: 27.424125 | Y85: na | Z85: na | AA85: 59.753417 | AB85: 0.166 | AC85: 0.07 | AD85: 0.002 | AE85: 0.007 | AF85: 0.08
A86: 22 | B86: 2 | C86: Barton Peninsula | D86: BP3.2 | E86: 1 | F86: 7.226 | G86: 138.4 | H86: 22.8 | I86: 2269.411 | J86: 172.94463 | K86: 13.122 | L86: -28.08 | M86: 16.81 | N86: 0.0097873913 | O86: 0.14134742 | P86: 0.0096460438 | Q86: 0.74 | R86: 112.5 | S86: 68.75 | T86: 0.010826801 | U86: 0 | V86: 8.76 | W86: 6.04 | X86: 16.464122 | Y86: 9.3854027 | Z86: 1.3350581 | AA86: 59.409327 | AB86: 0.203 | AC86: 0.131 | AD86: 0 | AE86: 0.008 | AF86: 0.139
E87: 2 | F87: 7.181 | G87: 151.1 | H87: 22.7 | I87: 2900 | J87: 170 | K87: 17.059 | L87: -27.31 | M87: 16.32 | N87: 0.015806004 | O87: 0.14051215 | P87: 0.015665492 | Q87: 1.41 | R87: 117.5 | S87: 133.4 | T87: 0.015572562 | U87: 0 | V87: 8.73 | W87: 5.7 | X87: 22.786815 | Y87: 6.4203661 | Z87: 1.1744967 | AA87: 73.356193 | AB87: 0.201 | AC87: 0.133 | AD87: 0 | AE87: 0.008 | AF87: 0.141
E88: 3 | F88: 7.168 | G88: 150.6 | H88: 22.9 | I88: 2100 | J88: 270 | K88: 7.778 | L88: -25.98 | M88: 14.02 | N88: 0.016806489 | O88: 0.11684315 | P88: 0.016689646 | Q88: 0.77 | R88: 128.4 | S88: 106.1 | T88: 0.020244331 | U88: 0 | V88: 9.95 | W88: 5.45 | X88: 29.909887 | Y88: 5.6618684 | Z88: 1.1142862 | AA88: 67.499951 | AB88: 0.205 | AC88: 0.133 | AD88: 0 | AE88: 0.008 | AF88: 0.141
E89: 4 | F89: 7.238 | G89: 136.1 | H89: 22.9 | I89: na | J89: na | N89: 0.010078466 | O89: 0.16608322 | P89: 0.0099123829 | Q89: 1.54 | R89: 113.4 | S89: 124.7 | T89: 0.018828203 | U89: 0 | V89: 8.38 | W89: 6.35 | X89: 22.99271 | Y89: na | Z89: na | AA89: 69.842448 | AB89: 0.189 | AC89: 0.124 | AD89: 0 | AE89: 0.009 | AF89: 0.133
A90: 23 | B90: 3 | C90: Barton Peninsula | D90: BP3.3 | E90: 1 | F90: 6.669 | G90: 139.2 | H90: 23 | I90: 868.58336 | J90: 57.654756 | K90: 15.065 | L90: -31.81 | M90: 16.83 | N90: 0.01195217 | O90: 0.043102352 | P90: 0.011909068 | Q90: 1.23 | R90: 179.6 | S90: 115.1 | T90: 0.078646217 | U90: 0 | V90: 15.95 | W90: 12.05 | X90: 29.614516 | Y90: 4.5227759 | Z90: 0.74203376 | AA90: 38.255863 | AB90: 0.276 | AC90: 0.088 | AD90: 0 | AE90: 0.008 | AF90: 0.096
E91: 2 | F91: 6.507 | G91: 138.9 | H91: 22.8 | I91: 700 | J91: 130 | K91: 5.385 | L91: -30.64 | M91: 14.32 | N91: 0.011876928 | O91: 0.095142487 | P91: 0.011781785 | Q91: 1.52 | R91: 177.2 | S91: 110.8 | T91: 0.076103154 | U91: 0 | V91: 15.35 | W91: 10.44 | X91: 28.234122 | Y91: 5.5549254 | Z91: 0.87346853 | AA91: 38.682784 | AB91: 0.251 | AC91: 0.08 | AD91: 0 | AE91: 0.009 | AF91: 0.089
E92: 3 | F92: 6.601 | G92: 141 | H92: 22.4 | I92: 720 | J92: 100 | K92: 7.2 | L92: -35.02 | M92: 15.09 | N92: 0.011624707 | O92: 0.042979398 | P92: 0.011581728 | Q92: 0.86 | R92: 187.7 | S92: 212.1 | T92: 0.18452523 | U92: 0 | V92: 17.16 | W92: 10.62 | X92: 24.174805 | Y92: 5.10336 | Z92: 1.1738909 | AA92: 40.415219 | AB92: 0.289 | AC92: 0.092 | AD92: 0 | AE92: 0.008 | AF92: 0.1
E93: 4 | F93: 6.505 | G93: 135 | H93: 22.6 | I93: na | J93: na | N93: 0.011380654 | O93: 0.070163399 | P93: 0.01131049 | Q93: 1.23 | R93: 170.9 | S93: 143.7 | T93: 0.077516755 | U93: 0 | V93: 15.11 | W93: 12.46 | X93: 28.402851 | Y93: na | Z93: na | AA93: 42.04247 | AB93: 0.234 | AC93: 0.077 | AD93: 0 | AE93: 0.007 | AF93: 0.084
A94: 24 | B94: 4 | C94: Barton Peninsula | D94: BP3.4 | E94: 1 | F94: 5.878 | G94: 129.2 | H94: 22.8 | I94: 1872.3509 | J94: 167.88616 | K94: 11.153 | L94: -29.12 | M94: 9.16 | N94: 0.0065849814 | O94: 0.040857503 | P94: 0.0065441239 | Q94: 2.19 | R94: 267.9 | S94: 106.7 | T94: 0.08115624 | U94: 0 | V94: 9.95 | W94: 5.47 | X94: 22.785269 | Y94: 5.2942508 | Z94: 1.8197837 | AA94: 39.965948 | AB94: 0.107 | AC94: 0.077 | AD94: 0 | AE94: 0.011 | AF94: 0.088
E95: 2 | F95: 5.88 | G95: 124.8 | H95: 22.6 | I95: 2300 | J95: 250 | K95: 9.2 | L95: -31.31 | M95: 10.03 | N95: 0.0058055308 | O95: 0.089398281 | P95: 0.0057161325 | Q95: 3.08 | R95: 299.1 | S95: 155.4 | T95: 0.20720229 | U95: 0 | V95: 11.03 | W95: 5.72 | X95: 37.335357 | Y95: 5.6514376 | Z95: 1.6326477 | AA95: 36.91785 | AB95: 0.095 | AC95: 0.071 | AD95: 0 | AE95: 0.009 | AF95: 0.08
E96: 3 | F96: 5.701 | G96: 125 | H96: 22.9 | I96: 2600 | J96: 310 | K96: 8.387 | L96: -30.38 | M96: 9.21 | N96: 0.0071452873 | O96: 0.01417788 | P96: 0.0071311094 | Q96: 2.51 | R96: 258.8 | S96: 140.4 | T96: 0.10046858 | U96: 0 | V96: 9.76 | W96: 6.1 | X96: 25.46473 | Y96: 5.0799388 | Z96: 1.6118548 | AA96: 38.908079 | AB96: 0.096 | AC96: 0.07 | AD96: 0 | AE96: 0.01 | AF96: 0.08
E97: 4 | F97: 5.733 | G97: 128.6 | H97: 22.9 | I97: na | J97: na | N97: 0.0055205354 | O97: 0.041234489 | P97: 0.0054793009 | Q97: 1.77 | R97: 257.5 | S97: 145.6 | T97: 0.16119563 | U97: 0 | V97: 9.64 | W97: 6.93 | X97: 31.660465 | Y97: na | Z97: na | AA97: 35.429661 | AB97: 0.098 | AC97: 0.072 | AD97: 0 | AE97: 0.01 | AF97: 0.082
A98: 25 | B98: 1 | C98: Potter Peninsula | D98: PP1.1 | E98: 1 | F98: 8.576 | G98: 83.07 | H98: 23.9 | I98: 1348.2978 | J98: 24.59329 | K98: 54.824 | L98: -16.16 | M98: 32.42 | N98: 0.0035962072 | O98: 0.16210595 | P98: 0.0034341012 | Q98: 0 | R98: 306.4 | S98: 345.5 | T98: 0.65325 | U98: 0 | V98: 5.9 | W98: 2.81 | X98: 6.6305406 | Y98: 5.1343127 | Z98: 1.0981486 | AA98: 8.5798052 | AB98: 0.342 | AC98: 0.066 | AD98: 0 | AE98: 0.017 | AF98: 0.083
E99: 2 | F99: 8.68 | G99: 78.94 | H99: 22.8 | I99: 1800 | J99: 30 | K99: 60 | L99: -17.23 | M99: 35.32 | N99: 0.0034384788 | O99: 0.15700346 | P99: 0.0032814753 | Q99: 0 | R99: 264.1 | S99: 328.3 | T99: 0.5546902 | U99: 0 | V99: 5.3 | W99: 2.32 | X99: 7.2569194 | Y99: 5.42724 | Z99: 1.034203 | AA99: 9.4997018 | AB99: 0.339 | AC99: 0.061 | AD99: 0 | AE99: 0.02 | AF99: 0.081
E100: 3 | F100: 8.825 | G100: 77.58 | H100: 23.9 | I100: 2000 | J100: 20 | K100: 100 | L100: -18.32 | M100: 36.09 | N100: 0.0043988654 | O100: 0.18477222 | P100: 0.0042140932 | Q100: 0 | R100: 282.3 | S100: 369 | T100: 0.48078514 | U100: 0 | V100: 5.17 | W100: 2.57 | X100: 6.9879771 | Y100: 15.093841 | Z100: 1.2686702 | AA100: 7.3591731 | AB100: 0.336 | AC100: 0.062 | AD100: 0 | AE100: 0.022 | AF100: 0.084
...

Sheet FTIR Antartico (Suelo)
A1: Wavenumber | B1: bell 1.1.1 | C1: bell 1.1.2 | D1: bell 1.1.3 | E1: bell 1.1.4 | F1: bell 1.2.1 | G1: bell 1.2.2 | H1: bell 1.2.3 | I1: bell 1.2.4 | J1: bell 1.3.1 | K1: bell 1.3.2 | L1: bell 1.3.3 | M1: bell 1.3.4 | N1: bell 1.4.1 | O1: bell 1.4.2 | P1: bell 1.4.3 | Q1: bell 1.4.4 | R1: bell 2.1.1 | S1: bell 2.1.2 | T1: bell 2.1.3 | U1: bell 2.1.4 | V1: bell 2.2.2 | W1: bell 2.2.3 | X1: bell 2.2.4 | Y1: bell 2.3.1 | Z1: bell 2.3.2 | AA1: bell 2.3.3 | AB1: bell 2.3.4 | AC1: bell 2.4.1 | AD1: bell 2.4.2 | AE1: bell 2.4.3 | AF1: bell 2.4.4 | AG1: BP 1.1.1 | AH1: BP 1.1.2 | AI1: BP 1.1.3 | AJ1: BP 1.1.4 | AK1: BP 1.2.1 | AL1: BP 1.2.2 | AM1: BP 1.2.3 | AN1: BP 1.2.4 | AO1: BP 1.3.1 | AP1: BP 1.3.2 | AQ1: BP 1.3.3 | AR1: BP 1.3.4 | AS1: BP 1.4.1 | AT1: BP 1.4.2 | AU1: BP 1.4.3 | AV1: BP 1.4.4 | AW1: BP 2.1.1 | AX1: BP 2.1.2 | AY1: BP 2.1.3 | AZ1: BP 2.1.4 | BA1: BP 2.2.1 | BB1: BP 2.2.2 | BC1: BP 2.2.3 | BD1: BP 2.2.4 | BE1: BP 2.3.1 | BF1: BP 2.3.2 | BG1: BP 2.3.3 | BH1: BP 2.3.4 | BI1: BP 2.4.1 | BJ1: BP 2.4.2 | BK1: BP 2.4.3 | BL1: BP 2.4.4 | BM1: BP 3.1.1 | BN1: BP 3.1.2 | BO1: BP 3.1.3 | BP1: BP 3.1.4 | BQ1: BP 3.2.1 | BR1: BP 3.2.2 | BS1: BP 3.2.3 | BT1: BP 3.2.4 | BU1: BP 3.3.1 | BV1: BP 3.3.2 | BW1: BP 3.3.3 | BX1: BP 3.3.4 | BY1: BP 3.4.1 | BZ1: BP 3.4.2 | CA1: BP 3.4.3 | CB1: BP 3.4.4 | CC1: MC 1.1.1 | CD1: MC 1.1.2 | CE1: MC 1.1.3 | CF1: MC 1.1.4 | CG1: MC 1.2.1 | CH1: MC 1.2.2 | CI1: MC 1.2.3 | CJ1: MC 1.2.4 | CK1: MC 1.3.1 | CL1: MC 1.3.2 | CM1: MC 1.3.3 | CN1: MC 1.3.4 | CO1: MC 1.4.1 | CP1: MC 1.4.2 | CQ1: MC 1.4.3 | CR1: MC 1.4.4 | CS1: NG 1.1.1 | CT1: NG 1.1.2 | CU1: NG 1.1.3 | CV1: NG 1.1.4 | CW1: NG 1.2.1 | CX1: NG 1.2.2 | CY1: NG 1.2.3 | CZ1: NG 1.2.4 | DA1: NG 1.3.1 | DB1: NG 1.3.2 | DC1: NG 1.3.3 | DD1: NG 1.3.4 | DE1: NG 1.4.1 | DF1: NG 1.4.2 | DG1: NG 1.4.3 | DH1: NG 1.4.4 | DI1: PP 1.1.1 | DJ1: PP 1.1.2 | DK1: PP 1.1.3 | DL1: PP 1.1.4 | DM1: PP 1.2.1 | DN1: PP 1.2.2 | DO1: PP 1.2.3 | DP1: PP 1.2.4 | DQ1: PP 1.3.1 | DR1: PP 1.3.2 | DS1: PP 1.3.3 | DT1: PP 1.3.4 | DU1: PP 1.4.1 | DV1: PP 1.4.2 | DW1: PP 1.4.3 | DX1: PP 1.4.4
A2: 600.248 | B2: 65.112 | C2: 66.6591 | D2: 56.7045 | E2: 76.598 | F2: 74.4331 | G2: 83.7385 | H2: 89.1594 | I2: 90.8304 | J2: 93.5659 | K2: 81.2383 | L2: 70.9905 | M2: 57.209 | N2: 66.2248 | O2: 87.8655 | P2: 83.4295 | Q2: 86.4312 | R2: 74.7739 | S2: 66.3665 | T2: 56.5011 | U2: 66.8794 | V2: 57.6962 | W2: 75.7591 | X2: 87.2216 | Y2: 88.5866 | Z2: 80.7547 | AA2: 85.4796 | AB2: 85.6192 | AC2: 81.1795 | AD2: 80.4272 | AE2: 89.7084 | AF2: 88.8594 | AG2: 67.054 | AH2: 65.6421 | AI2: 62.2713 | AJ2: 62.7569 | AK2: 73.8278 | AL2: 62.2612 | AM2: 52.3102 | AN2: 58.6488 | AO2: 69.913 | AP2: 68.0323 | AQ2: 63.6798 | AR2: 65.9712 | AS2: 84.6796 | AT2: 87.8235 | AU2: 89.9704 | AV2: 88.3712 | AW2: 91.6108 | AX2: 92.6222 | AY2: 94.3769 | AZ2: 89.8762 | BA2: 89.659 | BB2: 85.3282 | BC2: 88.8046 | BD2: 90.5254 | BE2: 93.5346 | BF2: 91.5992 | BG2: 90.0604 | BH2: 88.1898 | BI2: 101.632 | BJ2: 100.877 | BK2: 101.496 | BL2: 99.8515 | BM2: 93.3577 | BN2: 93.0177 | BO2: 98.0041 | BP2: 97.3134 | BQ2: 99.2503 | BR2: 88.6483 | BS2: 80.2995 | BT2: 95.1307 | BU2: 86.8057 | BV2: 86.7369 | BW2: 81.3509 | BX2: 96.0909 | BY2: 84.9097 | BZ2: 86.3866 | CA2: 83.9842 | CB2: 84.1392 | CC2: 82.0356 | CD2: 79.6883 | CE2: 77.2113 | CF2: 83.7453 | CG2: 79.7523 | CH2: 84.7099 | CI2: 85.599 | CJ2: 77.289 | CK2: 87.0839 | CL2: 81.0423 | CM2: 81.002 | CN2: 82.2274 | CO2: 89.0764 | CP2: 85.5941 | CQ2: 82.1132 | CR2: 82.5868 | CS2: 73.0078 | CT2: 69.391 | CU2: 70.5408 | CV2: 71.3092 | CW2: 74.7217 | CX2: 74.6094 | CY2: 76.5566 | CZ2: 76.5905 | DA2: 75.1926 | DB2: 78.5744 | DC2: 78.7129 | DD2: 78.7129 | DE2: 75.5541 | DF2: 79.1186 | DG2: 83.7957 | DH2: 77.1951 | DI2: 88.7121 | DJ2: 88.7121 | DK2: 80.4227 | DL2: 88.0145 | DM2: 82.7075 | DN2: 85.6278 | DO2: 90.8541 | DP2: 80.5877 | DQ2: 86.7281 | DR2: 81.6313 | DS2: 80.2523 | DT2: 84.8551 | DU2: 81.0626 | DV2: 78.1732 | DW2: 78.1732 | DX2: 80.8059
A3: 602.112 | B3: 63.9449 | C3: 68.2907 | D3: 60.7686 | E3: 78.4932 | F3: 78.2911 | G3: 82.7078 | H3: 93.1215 | I3: 88.3885 | J3: 97.3869 | K3: 84.8121 | L3: 70.9929 | M3: 62.8464 | N3: 69.959 | O3: 87.4991 | P3: 85.3564 | Q3: 85.7793 | R3: 71.6838 | S3: 67.3963 | T3: 59.8729 | U3: 69.639 | V3: 59.6966 | W3: 79.7027 | X3: 82.6404 | Y3: 85.7571 | Z3: 78.7004 | AA3: 86.916 | AB3: 85.5084 | AC3: 81.3707 | AD3: 82.8628 | AE3: 92.8737 | AF3: 87.6674 | AG3: 68.944 | AH3: 70.8564 | AI3: 64.2859 | AJ3: 62.0175 | AK3: 72.5897 | AL3: 62.5292 | AM3: 54.9831 | AN3: 61.073 | AO3: 71.6112 | AP3: 67.3355 | AQ3: 67.279 | AR3: 65.1249 | AS3: 85.0121 | AT3: 87.8809 | AU3: 90.1277 | AV3: 88.3189 | AW3: 92.1052 | AX3: 92.6625 | AY3: 94.4923 | AZ3: 90.216 | BA3: 90.2739 | BB3: 85.8936 | BC3: 89.3535 | BD3: 90.8566 | BE3: 93.7186 | BF3: 92.1966 | BG3: 90.0872 | BH3: 88.9321 | BI3: 101.916 | BJ3: 101.543 | BK3: 101.898 | BL3: 100.52 | BM3: 94.0782 | BN3: 93.11 | BO3: 97.6257 | BP3: 97.3665 | BQ3: 99.9362 | BR3: 89.2071 | BS3: 81.0063 | BT3: 95.9891 | BU3: 86.7272 | BV3: 86.4467 | BW3: 81.6706 | BX3: 95.5306 | BY3: 84.3749 | BZ3: 87.32 | CA3: 84.674 | CB3: 84.336 | CC3: 82.4868 | CD3: 79.876 | CE3: 77.939 | CF3: 83.6288 | CG3: 79.7016 | CH3: 85.1977 | CI3: 85.2455 | CJ3: 77.5605 | CK3: 87.6835 | CL3: 81.6108 | CM3: 81.8897 | CN3: 82.7996 | CO3: 90.0016 | CP3: 85.6862 | CQ3: 82.7474 | CR3: 83.0882 | CS3: 73.3513 | CT3: 70.1655 | CU3: 70.8838 | CV3: 70.9916 | CW3: 74.3193 | CX3: 74.8968 | CY3: 76.7604 | CZ3: 76.3932 | DA3: 75.2062 | DB3: 78.1909 | DC3: 78.8723 | DD3: 78.8723 | DE3: 75.3642 | DF3: 79.2861 | DG3: 83.7757 | DH3: 77.3865 | DI3: 89.1427 | DJ3: 89.1427 | DK3: 80.9205 | DL3: 88.6587 | DM3: 83.2189 | DN3: 85.2867 | DO3: 91.4301 | DP3: 81.1214 | DQ3: 87.4832 | DR3: 83.0712 | DS3: 81.0146 | DT3: 85.2039 | DU3: 82.6099 | DV3: 78.3393 | DW3: 78.3393 | DX3: 81.808
A4: 603.976 | B4: 64.3103 | C4: 72.6914 | D4: 66.5813 | E4: 76.7376 | F4: 81.0083 | G4: 82.2272 | H4: 89.2113 | I4: 88.9772 | J4: 95.7007 | K4: 77.9566 | L4: 72.3881 | M4: 64.7615 | N4: 69.6362 | O4: 90.5233 | P4: 85.235 | Q4: 84.3894 | R4: 61.7983 | S4: 65.0855 | T4: 60.5081 | U4: 71.413 | V4: 63.3504 | W4: 82.3579 | X4: 78.7594 | Y4: 83.754 | Z4: 83.0322 | AA4: 87.8899 | AB4: 86.5366 | AC4: 78.8222 | AD4: 86.0927 | AE4: 92.0025 | AF4: 88.2933 | AG4: 71.6116 | AH4: 70.358 | AI4: 65.5689 | AJ4: 61.427 | AK4: 70.8184 | AL4: 65.6289 | AM4: 57.5452 | AN4: 62.4827 | AO4: 70.9833 | AP4: 68.6626 | AQ4: 68.3388 | AR4: 64.563 | AS4: 85.4051 | AT4: 87.6476 | AU4: 89.7336 | AV4: 88.5325 | AW4: 91.7893 | AX4: 93.0386 | AY4: 95.1239 | AZ4: 90.356 | BA4: 90.2991 | BB4: 86.5183 | BC4: 89.9752 | BD4: 91.3412 | BE4: 94.5684 | BF4: 93.2745 | BG4: 90.8729 | BH4: 89.8499 | BI4: 101.541 | BJ4: 101.592 | BK4: 102.038 | BL4: 100.379 | BM4: 94.5059 | BN4: 92.7643 | BO4: 97.2887 | BP4: 97.4654 | BQ4: 100.088 | BR4: 89.5307 | BS4: 81.8413 | BT4: 95.9331 | BU4: 86.8832 | BV4: 86.2163 | BW4: 81.9284 | BX4: 95.4039 | BY4: 83.116 | BZ4: 88.0839 | CA4: 85.1471 | CB4: 84.0985 | CC4: 83.101 | CD4: 80.4511 | CE4: 78.7721 | CF4: 84.2394 | CG4: 79.9979 | CH4: 85.5857 | CI4: 84.7365 | CJ4: 77.8382 | CK4: 88.0029 | CL4: 82.3672 | CM4: 82.5252 | CN4: 84.1105 | CO4: 90.2781 | CP4: 86.5288 | CQ4: 82.7695 | CR4: 83.923 | CS4: 74.1772 | CT4: 69.9114 | CU4: 71.0983 | CV4: 71.5528 | CW4: 74.5419 | CX4: 74.4986 | CY4: 76.8417 | CZ4: 76.4267 | DA4: 75.5354 | DB4: 78.1091 | DC4: 78.6916 | DD4: 78.6916 | DE4: 74.7787 | DF4: 79.0331 | DG4: 84.0375 | DH4: 77.2933 | DI4: 89.5383 | DJ4: 89.5383 | DK4: 81.2222 | DL4: 89.246 | DM4: 83.8841 | DN4: 85.5144 | DO4: 92.0881 | DP4: 81.6417 | DQ4: 88.4108 | DR4: 84.2272 | DS4: 82.1849 | DT4: 86.4853 | DU4: 83.7216 | DV4: 79.5672 | DW4: 79.5672 | DX4: 82.8051
A5: 605.84 | B5: 66.2635 | C5: 73.8737 | D5: 71.4413 | E5: 77.7525 | F5: 81.211 | G5: 83.2896 | H5: 90.0792 | I5: 91.9132 | J5: 93.0486 | K5: 77.0376 | L5: 72.5961 | M5: 66.8513 | N5: 68.9572 | O5: 90.5976 | P5: 83.1694 | Q5: 83.1429 | R5: 50.8152 | S5: 61.6631 | T5: 60.2228 | U5: 68.6279 | V5: 65.7588 | W5: 81.6556 | X5: 76.0055 | Y5: 86.652 | Z5: 84.3409 | AA5: 87.846 | AB5: 88.9593 | AC5: 80.1047 | AD5: 85.3856 | AE5: 90.8124 | AF5: 88.8953 | AG5: 74.0497 | AH5: 65.2201 | AI5: 63.9025 | AJ5: 63.277 | AK5: 72.8574 | AL5: 66.4171 | AM5: 59.4568 | AN5: 59.8963 | AO5: 70.2852 | AP5: 70.4715 | AQ5: 69.3046 | AR5: 66.5567 | AS5: 85.4383 | AT5: 87.795 | AU5: 89.6261 | AV5: 88.8022 | AW5: 91.9223 | AX5: 93.5154 | AY5: 95.9326 | AZ5: 90.6219 | BA5: 90.928 | BB5: 87.1073 | BC5: 90.1842 | BD5: 91.8192 | BE5: 94.4272 | BF5: 93.6238 | BG5: 91.7507 | BH5: 89.5591 | BI5: 102.061 | BJ5: 102.216 | BK5: 102.334 | BL5: 100.699 | BM5: 94.6396 | BN5: 92.5146 | BO5: 97.3549 | BP5: 97.3446 | BQ5: 99.5118 | BR5: 89.2952 | BS5: 81.6573 | BT5: 95.4911 | BU5: 86.999 | BV5: 86.1869 | BW5: 81.8503 | BX5: 95.6145 | BY5: 83.2066 | BZ5: 88.2173 | CA5: 85.3911 | CB5: 84.0607 | CC5: 83.554 | CD5: 80.9497 | CE5: 78.8491 | CF5: 84.6811 | CG5: 80.8333 | CH5: 85.3348 | CI5: 84.837 | CJ5: 78.1264 | CK5: 88.6988 | CL5: 82.5453 | CM5: 82.7581 | CN5: 84.9819 | CO5: 90.4849 | CP5: 86.8331 | CQ5: 82.9586 | CR5: 83.7058 | CS5: 74.355 | CT5: 69.7594 | CU5: 71.428 | CV5: 71.1675 | CW5: 74.9041 | CX5: 74.558 | CY5: 77.185 | CZ5: 77.0173 | DA5: 75.7041 | DB5: 78.9007 | DC5: 78.7184 | DD5: 78.7184 | DE5: 75.1369 | DF5: 79.0405 | DG5: 83.9814 | DH5: 77.2437 | DI5: 90.2006 | DJ5: 90.2006 | DK5: 81.927 | DL5: 90.168 | DM5: 84.5844 | DN5: 86.0514 | DO5: 92.2463 | DP5: 82.3494 | DQ5: 89.2258 | DR5: 85.1575 | DS5: 83.1189 | DT5: 86.9003 | DU5: 84.0886 | DV5: 80.988 | DW5: 80.988 | DX5: 84.0584
A6: 607.704 | B6: 65.9544 | C6: 73.5734 | D6: 71.9191 | E6: 79.4194 | F6: 77.7541 | G6: 83.8426 | H6: 87.7524 | I6: 92.7961 | J6: 93.0068 | K6: 83.5585 | L6: 73.1256 | M6: 66.0078 | N6: 69.2534 | O6: 88.6709 | P6: 84.4042 | Q6: 85.728 | R6: 42.287 | S6: 61.196 | T6: 59.5965 | U6: 69.4153 | V6: 65.7963 | W6: 78.0152 | X6: 76.0451 | Y6: 88.1048 | Z6: 82.515 | AA6: 87.3061 | AB6: 88.0154 | AC6: 84.2554 | AD6: 84.0704 | AE6: 91.0406 | AF6: 87.0069 | AG6: 72.2493 | AH6: 65.3023 | AI6: 61.9846 | AJ6: 63.8388 | AK6: 72.3461 | AL6: 64.0685 | AM6: 59.8983 | AN6: 58.8942 | AO6: 72.6878 | AP6: 72.7875 | AQ6: 68.9006 | AR6: 67.1355 | AS6: 85.5538 | AT6: 88.2736 | AU6: 89.5314 | AV6: 89.1764 | AW6: 92.6689 | AX6: 94.0309 | AY6: 96.5784 | AZ6: 91.1747 | BA6: 91.5482 | BB6: 87.8854 | BC6: 90.3367 | BD6: 92.0467 | BE6: 94.4609 | BF6: 93.5272 | BG6: 91.6816 | BH6: 89.5138 | BI6: 102.402 | BJ6: 103.005 | BK6: 102.358 | BL6: 100.863 | BM6: 94.7366 | BN6: 92.4543 | BO6: 97.9989 | BP6: 97.4813 | BQ6: 99.486 | BR6: 89.1605 | BS6: 81.0582 | BT6: 95.4555 | BU6: 86.826 | BV6: 85.8748 | BW6: 81.9826 | BX6: 95.3361 | BY6: 84.1709 | BZ6: 87.8608 | CA6: 85.6021 | CB6: 84.3341 | CC6: 83.7342 | CD6: 81.5105 | CE6: 79.4452 | CF6: 84.7877 | CG6: 81.2544 | CH6: 85.583 | CI6: 84.9724 | CJ6: 78.6186 | CK6: 89.2637 | CL6: 82.7178 | CM6: 83.347 | CN6: 85.1681 | CO6: 91.0296 | CP6: 86.9204 | CQ6: 83.2403 | CR6: 83.8067 | CS6: 73.9596 | CT6: 69.6589 | CU6: 72.0556 | CV6: 72.0362 | CW6: 75.0723 | CX6: 75.3001 | CY6: 77.4596 | CZ6: 76.7377 | DA6: 75.4467 | DB6: 79.428 | DC6: 78.9189 | DD6: 78.9189 | DE6: 75.6203 | DF6: 78.8451 | DG6: 83.7188 | DH6: 77.2569 | DI6: 90.5701 | DJ6: 90.5701 | DK6: 82.6678 | DL6: 90.818 | DM6: 85.1301 | DN6: 86.8487 | DO6: 92.441 | DP6: 83.2102 | DQ6: 90.0459 | DR6: 85.1192 | DS6: 83.8838 | DT6: 87.2824 | DU6: 84.5381 | DV6: 81.4038 | DW6: 81.4038 | DX6: 84.6516
A7: 609.569 | B7: 65.5102 | C7: 75.2223 | D7: 71.5429 | E7: 78.3738 | F7: 77.3192 | G7: 83.1892 | H7: 90.2106 | I7: 93.0042 | J7: 94.4902 | K7: 80.7187 | L7: 72.0606 | M7: 65.4741 | N7: 70.5243 | O7: 90.3903 | P7: 85.2857 | Q7: 89.9385 | R7: 42.4709 | S7: 63.0335 | T7: 60.8383 | U7: 69.4345 | V7: 65.8252 | W7: 77.3546 | X7: 76.8251 | Y7: 88.5063 | Z7: 85.0399 | AA7: 85.4434 | AB7: 85.0097 | AC7: 84.6285 | AD7: 84.9121 | AE7: 91.5531 | AF7: 87.3642 | AG7: 71.7286 | AH7: 67.1437 | AI7: 62.6509 | AJ7: 65.4086 | AK7: 73.7626 | AL7: 64.4642 | AM7: 62.8543 | AN7: 61.1703 | AO7: 75.5887 | AP7: 74.0912 | AQ7: 69.9862 | AR7: 66.4611 | AS7: 85.7825 | AT7: 88.0543 | AU7: 89.7215 | AV7: 89.3722 | AW7: 92.9069 | AX7: 94.2419 | AY7: 96.6411 | AZ7: 92.0251 | BA7: 91.8675 | BB7: 88.5585 | BC7: 91.0429 | BD7: 92.4064 | BE7: 95.1732 | BF7: 94.3368 | BG7: 91.7814 | BH7: 90.045 | BI7: 102.501 | BJ7: 102.792 | BK7: 102.469 | BL7: 100.537 | BM7: 94.8143 | BN7: 92.7064 | BO7: 98.9876 | BP7: 97.4233 | BQ7: 99.5582 | BR7: 89.2733 | BS7: 81.1766 | BT7: 95.5738 | BU7: 86.3954 | BV7: 85.7252 | BW7: 81.7873 | BX7: 95.1244 | BY7: 84.5258 | BZ7: 87.7824 | CA7: 85.2761 | CB7: 84.2654 | CC7: 84.5172 | CD7: 81.8761 | CE7: 79.8581 | CF7: 84.955 | CG7: 81.206 | CH7: 85.8751 | CI7: 85.0483 | CJ7: 78.3766 | CK7: 89.3002 | CL7: 83.447 | CM7: 83.9606 | CN7: 84.8941 | CO7: 91.0918 | CP7: 87.226 | CQ7: 83.0695 | CR7: 84.2492 | CS7: 74.1822 | CT7: 69.6266 | CU7: 72.0417 | CV7: 72.1142 | CW7: 75.3408 | CX7: 75.5527 | CY7: 77.6063 | CZ7: 76.7055 | DA7: 75.0144 | DB7: 79.2587 | DC7: 78.7065 | DD7: 78.7065 | DE7: 75.3161 | DF7: 78.843 | DG7: 84.0601 | DH7: 77.2559 | DI7: 90.9842 | DJ7: 90.9842 | DK7: 83.2432 | DL7: 90.7244 | DM7: 85.3113 | DN7: 87.6342 | DO7: 93.0185 | DP7: 84.0068 | DQ7: 90.5337 | DR7: 85.7276 | DS7: 84.4596 | DT7: 88.5232 | DU7: 85.5203 | DV7: 82.3361 | DW7: 82.3361 | DX7: 85.0299
A8: 611.433 | B8: 65.5879 | C8: 75.7033 | D8: 71.2436 | E8: 79.3791 | F8: 80.9251 | G8: 83.8509 | H8: 85.8798 | I8: 93.6603 | J8: 94.5603 | K8: 78.1665 | L8: 70.2109 | M8: 65.6427 | N8: 69.5039 | O8: 90.4506 | P8: 82.1327 | Q8: 88.7813 | R8: 51.6093 | S8: 63.68 | T8: 61.9505 | U8: 66.883 | V8: 65.5707 | W8: 78.4812 | X8: 78.0494 | Y8: 88.0397 | Z8: 88.6351 | AA8: 86.4685 | AB8: 86.0564 | AC8: 82.1327 | AD8: 85.0214 | AE8: 93.8669 | AF8: 89.5384 | AG8: 71.0966 | AH8: 67.6543 | AI8: 63.4717 | AJ8: 67.9044 | AK8: 74.2768 | AL8: 65.9676 | AM8: 66.3923 | AN8: 63.1992 | AO8: 74.1619 | AP8: 75.0448 | AQ8: 70.4072 | AR8: 69.2444 | AS8: 85.6847 | AT8: 87.6815 | AU8: 89.8649 | AV8: 89.1691 | AW8: 92.7008 | AX8: 94.0779 | AY8: 96.7256 | AZ8: 92.2166 | BA8: 92.5212 | BB8: 88.7304 | BC8: 91.6063 | BD8: 92.508 | BE8: 95.0622 | BF8: 94.9232 | BG8: 92.3411 | BH8: 90.329 | BI8: 102.888 | BJ8: 102.419 | BK8: 102.549 | BL8: 100.533 | BM8: 94.7541 | BN8: 93.0699 | BO8: 98.7145 | BP8: 97.2789 | BQ8: 99.4396 | BR8: 89.3817 | BS8: 81.2872 | BT8: 95.6863 | BU8: 86.1492 | BV8: 85.7437 | BW8: 81.1435 | BX8: 95.2282 | BY8: 84.4202 | BZ8: 87.8761 | CA8: 85.107 | CB8: 84.063 | CC8: 84.9647 | CD8: 81.9425 | CE8: 79.6976 | CF8: 85.186 | CG8: 81.0467 | CH8: 85.6353 | CI8: 85.1243 | CJ8: 78.5917 | CK8: 89.5362 | CL8: 83.7276 | CM8: 83.8911 | CN8: 85.0991 | CO8: 91.0534 | CP8: 87.2767 | CQ8: 83.1812 | CR8: 84.5206 | CS8: 74.1245 | CT8: 69.9794 | CU8: 71.6682 | CV8: 72.0768 | CW8: 75.0435 | CX8: 75.1397 | CY8: 77.6055 | CZ8: 76.8561 | DA8: 75.2851 | DB8: 79.1079 | DC8: 78.6696 | DD8: 78.6696 | DE8: 75.0224 | DF8: 79.4072 | DG8: 84.1887 | DH8: 77.229 | DI8: 91.4459 | DJ8: 91.4459 | DK8: 84.0366 | DL8: 90.7904 | DM8: 85.5033 | DN8: 88.0671 | DO8: 93.5099 | DP8: 84.0933 | DQ8: 90.6478 | DR8: 86.57 | DS8: 84.9894 | DT8: 88.6636 | DU8: 85.7187 | DV8: 83.1237 | DW8: 83.1237 | DX8: 85.5757
A9: 613.297 | B9: 66.0354 | C9: 73.7957 | D9: 70.0392 | E9: 80.2673 | F9: 80.7233 | G9: 84.235 | H9: 90.1207 | I9: 91.9053 | J9: 94.8696 | K9: 84.6055 | L9: 71.1407 | M9: 64.3832 | N9: 69.9082 | O9: 88.3789 | P9: 81.408 | Q9: 86.9996 | R9: 62.9885 | S9: 65.0052 | T9: 63.1331 | U9: 69.2944 | V9: 66.9232 | W9: 80.2109 | X9: 79.6735 | Y9: 86.994 | Z9: 86.7224 | AA9: 87.9249 | AB9: 86.7592 | AC9: 80.0527 | AD9: 86.0183 | AE9: 95.0561 | AF9: 89.1475 | AG9: 71.5981 | AH9: 69.247 | AI9: 64.0279 | AJ9: 70.1487 | AK9: 75.9434 | AL9: 67.4254 | AM9: 64.7242 | AN9: 64.9325 | AO9: 74.7316 | AP9: 76.6259 | AQ9: 72.3534 | AR9: 73.0706 | AS9: 85.7658 | AT9: 87.678 | AU9: 89.7834 | AV9: 88.9459 | AW9: 93.0578 | AX9: 94.0245 | AY9: 96.468 | AZ9: 91.5983 | BA9: 92.7829 | BB9: 88.407 | BC9: 91.8603 | BD9: 92.6186 | BE9: 94.9213 | BF9: 95.0007 | BG9: 92.179 | BH9: 90.3241 | BI9: 102.932 | BJ9: 102.413 | BK9: 102.351 | BL9: 100.875 | BM9: 94.8553 | BN9: 93.5349 | BO9: 98.1939 | BP9: 97.6113 | BQ9: 99.5554 | BR9: 89.3598 | BS9: 81.2758 | BT9: 95.211 | BU9: 86.0689 | BV9: 85.3764 | BW9: 81.1374 | BX9: 95.461 | BY9: 84.3744 | BZ9: 87.4852 | CA9: 85.031 | CB9: 83.8715 | CC9: 84.859 | CD9: 82.0418 | CE9: 79.9213 | CF9: 85.6078 | CG9: 81.0483 | CH9: 85.4236 | CI9: 85.2792 | CJ9: 78.4271 | CK9: 89.8243 | CL9: 83.7076 | CM9: 83.6643 | CN9: 85.3651 | CO9: 91.2646 | CP9: 87.2421 | CQ9: 83.4831 | CR9: 84.8097 | CS9: 73.7779 | CT9: 70.0423 | CU9: 71.668 | CV9: 71.4125 | CW9: 75.0868 | CX9: 74.9734 | CY9: 77.5684 | CZ9: 76.6208 | DA9: 75.2392 | DB9: 79.0618 | DC9: 79.1881 | DD9: 79.1881 | DE9: 74.8855 | DF9: 79.5038 | DG9: 84.2717 | DH9: 77.1747 | DI9: 91.6543 | DJ9: 91.6543 | DK9: 84.7206 | DL9: 91.4051 | DM9: 85.9625 | DN9: 88.3817 | DO9: 93.6148 | DP9: 84.2249 | DQ9: 90.9906 | DR9: 86.6459 | DS9: 84.9707 | DT9: 88.6678 | DU9: 85.7668 | DV9: 83.3434 | DW9: 83.3434 | DX9: 86.7165
A10: 615.161 | B10: 66.8188 | C10: 73.3476 | D10: 70.0201 | E10: 79.676 | F10: 78.5547 | G10: 83.8787 | H10: 89.4775 | I10: 90.9397 | J10: 96.0263 | K10: 81.901 | L10: 71.2284 | M10: 64.3751 | N10: 70.7373 | O10: 88.5806 | P10: 83.0303 | Q10: 87.2911 | R10: 70.8622 | S10: 65.235 | T10: 64.5056 | U10: 69.9776 | V10: 68.8921 | W10: 82.1271 | X10: 79.4619 | Y10: 88.1121 | Z10: 84.6635 | AA10: 88.2162 | AB10: 85.9756 | AC10: 80.8354 | AD10: 85.9783 | AE10: 92.9079 | AF10: 86.7864 | AG10: 71.9096 | AH10: 69.8916 | AI10: 65.7422 | AJ10: 70.0445 | AK10: 77.1898 | AL10: 67.2704 | AM10: 64.0833 | AN10: 65.9071 | AO10: 76.688 | AP10: 77.813 | AQ10: 73.3527 | AR10: 73.4364 | AS10: 85.4519 | AT10: 87.707 | AU10: 89.7267 | AV10: 88.805 | AW10: 93.1169 | AX10: 93.8891 | AY10: 96.1528 | AZ10: 91.686 | BA10: 92.4601 | BB10: 88.1057 | BC10: 91.6736 | BD10: 93.084 | BE10: 94.84 | BF10: 94.9198 | BG10: 92.207 | BH10: 90.2354 | BI10: 102.848 | BJ10: 102.698 | BK10: 102.142 | BL10: 100.926 | BM10: 95.2692 | BN10: 93.5055 | BO10: 98.4615 | BP10: 98.0668 | BQ10: 99.4297 | BR10: 89.2609 | BS10: 81.4529 | BT10: 95.2385 | BU10: 85.9892 | BV10: 85.331 | BW10: 81.4826 | BX10: 95.3226 | BY10: 84.5643 | BZ10: 87.3994 | CA10: 84.9785 | CB10: 83.919 | CC10: 84.8837 | CD10: 82.2624 | CE10: 79.8634 | CF10: 85.5925 | CG10: 81.1152 | CH10: 85.6095 | CI10: 85.5283 | CJ10: 78.4195 | CK10: 90.2914 | CL10: 84.0077 | CM10: 83.7181 | CN10: 85.3789 | CO10: 91.0835 | CP10: 87.5969 | CQ10: 83.7369 | CR10: 84.9623 | CS10: 73.7229 | CT10: 70.0762 | CU10: 71.5148 | CV10: 71.6215 | CW10: 75.4525 | CX10: 74.8869 | CY10: 77.2705 | CZ10: 76.8674 | DA10: 75.0154 | DB10: 79.2236 | DC10: 79.2624 | DD10: 79.2624 | DE10: 74.8412 | DF10: 78.9812 | DG10: 84.2497 | DH10: 77.1 | DI10: 91.9509 | DJ10: 91.9509 | DK10: 84.8175 | DL10: 91.7453 | DM10: 86.2657 | DN10: 88.7113 | DO10: 93.4023 | DP10: 84.4133 | DQ10: 91.3744 | DR10: 86.9538 | DS10: 84.9878 | DT10: 89.0516 | DU10: 86.6611 | DV10: 83.7711 | DW10: 83.7711 | DX10: 87.1965
A11: 617.025 | B11: 67.0669 | C11: 74.4928 | D11: 70.3122 | E11: 79.8762 | F11: 78.3416 | G11: 84.5312 | H11: 90.4935 | I11: 92.7581 | J11: 96.5962 | K11: 78.193 | L11: 73.0205 | M11: 66.6383 | N11: 71.1134 | O11: 89.0745 | P11: 84.3524 | Q11: 87.8801 | R11: 72.0574 | S11: 65.6721 | T11: 65.5052 | U11: 69.9006 | V11: 70.2568 | W11: 84.1468 | X11: 81.4376 | Y11: 91.8005 | Z11: 88.011 | AA11: 89.0991 | AB11: 87.9546 | AC11: 82.4742 | AD11: 85.3895 | AE11: 92.1232 | AF11: 87.2291 | AG11: 71.7535 | AH11: 67.6963 | AI11: 66.5523 | AJ11: 69.5857 | AK11: 76.8165 | AL11: 66.4712 | AM11: 66.0436 | AN11: 67.3998 | AO11: 76.466 | AP11: 78.1607 | AQ11: 72.6223 | AR11: 72.9334 | AS11: 84.6007 | AT11: 87.2707 | AU11: 89.3753 | AV11: 88.5006 | AW11: 92.731 | AX11: 93.6994 | AY11: 96.3582 | AZ11: 92.0281 | BA11: 92.1918 | BB11: 87.9606 | BC11: 91.0959 | BD11: 92.7256 | BE11: 94.5143 | BF11: 94.6572 | BG11: 92.4275 | BH11: 89.8134 | BI11: 102.225 | BJ11: 102.676 | BK11: 101.925 | BL11: 100.438 | BM11: 95.4617 | BN11: 93.1942 | BO11: 98.5512 | BP11: 97.9513 | BQ11: 99.1415 | BR11: 88.7475 | BS11: 81.0231 | BT11: 94.866 | BU11: 85.5384 | BV11: 84.9612 | BW11: 81.2307 | BX11: 94.6905 | BY11: 84.2236 | BZ11: 87.3586 | CA11: 84.869 | CB11: 83.9662 | CC11: 84.1633 | CD11: 81.7621 | CE11: 79.3696 | CF11: 84.8689 | CG11: 80.886 | CH11: 85.4808 | CI11: 85.0993 | CJ11: 78.2957 | CK11: 90.1546 | CL11: 83.6867 | CM11: 83.2703 | CN11: 85.3908 | CO11: 90.7794 | CP11: 87.4939 | CQ11: 83.6023 | CR11: 84.4335 | CS11: 73.3831 | CT11: 69.6618 | CU11: 71.1049 | CV11: 70.8774 | CW11: 75.2505 | CX11: 74.5208 | CY11: 76.1324 | CZ11: 76.7076 | DA11: 75.0272 | DB11: 78.8894 | DC11: 78.9617 | DD11: 78.9617 | DE11: 74.5092 | DF11: 78.3912 | DG11: 83.9338 | DH11: 77.0078 | DI11: 92.041 | DJ11: 92.041 | DK11: 84.3419 | DL11: 91.7052 | DM11: 86.104 | DN11: 88.7815 | DO11: 93.2308 | DP11: 83.7092 | DQ11: 91.4372 | DR11: 87.3186 | DS11: 85.1983 | DT11: 88.8454 | DU11: 86.9432 | DV11: 83.5113 | DW11: 83.5113 | DX11: 86.7424
A12: 618.889 | B12: 67.854 | C12: 75.6191 | D12: 71.6311 | E12: 80.4385 | F12: 77.5481 | G12: 84.4599 | H12: 87.472 | I12: 91.8373 | J12: 95.7248 | K12: 83.1516 | L12: 73.6048 | M12: 67.5858 | N12: 72.671 | O12: 90.6297 | P12: 85.2194 | Q12: 88.9398 | R12: 63.769 | S12: 66.7302 | T12: 64.8592 | U12: 71.4581 | V12: 70.0078 | W12: 84.7556 | X12: 82.3991 | Y12: 92.2433 | Z12: 87.4408 | AA12: 88.7287 | AB12: 88.6171 | AC12: 83.9026 | AD12: 84.7386 | AE12: 92.5037 | AF12: 89.34 | AG12: 73.838 | AH12: 68.2971 | AI12: 64.8988 | AJ12: 69.8338 | AK12: 75.4724 | AL12: 66.9691 | AM12: 67.368 | AN12: 66.5424 | AO12: 78.816 | AP12: 78.1303 | AQ12: 74.2214 | AR12: 72.6726 | AS12: 84.8337 | AT12: 87.2353 | AU12: 89.2752 | AV12: 88.3813 | AW12: 92.6814 | AX12: 94.1213 | AY12: 96.9143 | AZ12: 91.6396 | BA12: 92.3561 | BB12: 88.1297 | BC12: 91.1368 | BD12: 92.4513 | BE12: 94.7717 | BF12: 94.3019 | BG12: 91.7378 | BH12: 89.9505 | BI12: 101.505 | BJ12: 102.247 | BK12: 102.206 | BL12: 100.507 | BM12: 94.8563 | BN12: 92.9905 | BO12: 97.9826 | BP12: 97.7599 | BQ12: 99.6702 | BR12: 88.653 | BS12: 80.9638 | BT12: 94.1911 | BU12: 85.5932 | BV12: 84.5017 | BW12: 80.7577 | BX12: 94.5641 | BY12: 83.6724 | BZ12: 87.0153 | CA12: 84.7038 | CB12: 83.9787 | CC12: 83.0161 | CD12: 80.6518 | CE12: 78.9182 | CF12: 84.7592 | CG12: 81.0307 | CH12: 85.1821 | CI12: 84.3827 | CJ12: 77.5316 | CK12: 89.6059 | CL12: 83.2742 | CM12: 83.0875 | CN12: 84.9242 | CO12: 90.9449 | CP12: 86.8199 | CQ12: 83.159 | CR12: 84.0839 | CS12: 73.5713 | CT12: 69.5101 | CU12: 71.3711 | CV12: 71.1105 | CW12: 75.0053 | CX12: 74.3983 | CY12: 76.3204 | CZ12: 76.467 | DA12: 75.4173 | DB12: 78.6153 | DC12: 78.8087 | DD12: 78.8087 | DE12: 74.5492 | DF12: 78.5187 | DG12: 83.9124 | DH12: 76.9645 | DI12: 92.2001 | DJ12: 92.2001 | DK12: 84.2137 | DL12: 91.9474 | DM12: 85.9324 | DN12: 88.2412 | DO12: 93.2271 | DP12: 83.921 | DQ12: 91.0403 | DR12: 87.0636 | DS12: 85.0934 | DT12: 88.8753 | DU12: 86.5677 | DV12: 83.4782 | DW12: 83.4782 | DX12: 86.2466
A13: 620.753 | B13: 67.8927 | C13: 76.3603 | D13: 73.638 | E13: 80.3326 | F13: 78.3385 | G13: 84.525 | H13: 90.786 | I13: 90.6933 | J13: 95.4787 | K13: 83.1919 | L13: 73.2485 | M13: 66.5705 | N13: 73.9018 | O13: 91.3389 | P13: 85.983 | Q13: 90.289 | R13: 54.6207 | S13: 66.3661 | T13: 63.6148 | U13: 72.1442 | V13: 69.5212 | W13: 83.225 | X13: 80.726 | Y13: 90.1673 | Z13: 87.073 | AA13: 89.0793 | AB13: 88.42 | AC13: 85.4341 | AD13: 84.7721 | AE13: 92.7096 | AF13: 89.1512 | AG13: 72.9785 | AH13: 71.0269 | AI13: 65.6799 | AJ13: 69.7809 | AK13: 75.4512 | AL13: 69.3151 | AM13: 68.0081 | AN13: 66.587 | AO13: 81.1953 | AP13: 78.0928 | AQ13: 75.1452 | AR13: 72.9233 | AS13: 85.1679 | AT13: 87.493 | AU13: 89.1552 | AV13: 88.2152 | AW13: 92.845 | AX13: 94.0934 | AY13: 96.8088 | AZ13: 91.532 | BA13: 92.3754 | BB13: 87.9843 | BC13: 91.2079 | BD13: 92.7171 | BE13: 94.942 | BF13: 94.2117 | BG13: 91.5718 | BH13: 90.0165 | BI13: 101.826 | BJ13: 101.938 | BK13: 102.318 | BL13: 100.73 | BM13: 94.77 | BN13: 93.1162 | BO13: 97.6064 | BP13: 98.0109 | BQ13: 99.8247 | BR13: 88.8774 | BS13: 81.3883 | BT13: 94.7142 | BU13: 85.855 | BV13: 85.0445 | BW13: 81.0491 | BX13: 94.9437 | BY13: 83.9391 | BZ13: 87.1223 | CA13: 85.1244 | CB13: 84.1206 | CC13: 83.4658 | CD13: 81.1014 | CE13: 78.5404 | CF13: 84.8293 | CG13: 80.8615 | CH13: 85.0718 | CI13: 84.7058 | CJ13: 77.792 | CK13: 89.8395 | CL13: 83.3306 | CM13: 83.2011 | CN13: 84.7645 | CO13: 91.0409 | CP13: 87.2651 | CQ13: 83.0663 | CR13: 84.3975 | CS13: 74.0434 | CT13: 70.0483 | CU13: 71.7858 | CV13: 71.0967 | CW13: 75.2852 | CX13: 74.747 | CY13: 77.1499 | CZ13: 76.8371 | DA13: 75.5919 | DB13: 78.9692 | DC13: 78.6854 | DD13: 78.6854 | DE13: 74.7387 | DF13: 78.855 | DG13: 83.9722 | DH13: 77.133 | DI13: 92.2555 | DJ13: 92.2555 | DK13: 84.6342 | DL13: 91.8108 | DM13: 86.1519 | DN13: 88.2026 | DO13: 93.4792 | DP13: 84.8741 | DQ13: 90.945 | DR13: 87.2414 | DS13: 85.4486 | DT13: 89.3082 | DU13: 86.7561 | DV13: 83.7928 | DW13: 83.7928 | DX13: 86.4922
... A1799: 3950.08 | B1799: 99.3385 | C1799: 99.7942 | D1799: 99.9123 | E1799: 100.855 | F1799: 100.069 | G1799: 99.0932 | H1799: 100.158 | I1799: 100.7 | J1799: 100.875 | K1799: 100.766 | L1799: 100.429 | M1799: 99.5519 | N1799: 100.049 | O1799: 100.934 | P1799: 100.496 | Q1799: 100.661 | R1799: 98.8387 | S1799: 99.0487 | T1799: 100.312 | U1799: 100.59 | V1799: 100.755 | W1799: 100.307 | X1799: 98.8828 | Y1799: 100.463 | Z1799: 100.705 | AA1799: 100.059 | AB1799: 99.7361 | AC1799: 99.8647 | AD1799: 99.8143 | AE1799: 99.6919 | AF1799: 99.813 | AG1799: 100.064 | AH1799: 100.198 | AI1799: 99.6604 | AJ1799: 100.26 | AK1799: 100.481 | AL1799: 98.9834 | AM1799: 99.7566 | AN1799: 99.6432 | AO1799: 100.264 | AP1799: 100.203 | AQ1799: 100.17 | AR1799: 99.2983 | AS1799: 99.8473 | AT1799: 100.967 | AU1799: 100.902 | AV1799: 100.012 | AW1799: 101.037 | AX1799: 101.07 | AY1799: 101.151 | AZ1799: 100.09 | BA1799: 100.069 | BB1799: 99.3632 | BC1799: 100.358 | BD1799: 100.381 | BE1799: 100.592 | BF1799: 100.947 | BG1799: 99.6119 | BH1799: 100.664 | BI1799: 100.966 | BJ1799: 101.577 | BK1799: 101.76 | BL1799: 101.079 | BM1799: 100.321 | BN1799: 100.837 | BO1799: 101.355 | BP1799: 100.542 | BQ1799: 101.206 | BR1799: 99.6888 | BS1799: 98.797 | BT1799: 101.516 | BU1799: 101.263 | BV1799: 100.458 | BW1799: 100.504 | BX1799: 101.625 | BY1799: 100.13 | BZ1799: 101.303 | CA1799: 100.67 | CB1799: 99.6876 | CC1799: 100.4 | CD1799: 99.6351 | CE1799: 99.1762 | CF1799: 99.7878 | CG1799: 99.2253 | CH1799: 100.118 | CI1799: 99.7371 | CJ1799: 98.3451 | CK1799: 98.9958 | CL1799: 99.6315 | CM1799: 98.8089 | CN1799: 99.0463 | CO1799: 100.878 | CP1799: 100.049 | CQ1799: 99.398 | CR1799: 99.7776 | CS1799: 99.2258 | CT1799: 97.3098 | CU1799: 98.6089 | CV1799: 97.8686 | CW1799: 97.7057 | CX1799: 97.9347 | CY1799: 97.8502 | CZ1799: 97.9069 | DA1799: 98.1709 | DB1799: 99.065 | DC1799: 98.3529 | DD1799: 98.3529 | DE1799: 97.9384 | DF1799: 98.2247 | DG1799: 98.7109 | DH1799: 97.9676 | DI1799: 100.134 | DJ1799: 100.134 | DK1799: 98.6702 | DL1799: 100.007 | DM1799: 99.3204 | DN1799: 99.4288 | DO1799: 100.258 | DP1799: 99.7856 | DQ1799: 101.046 | DR1799: 100.415 | DS1799: 99.3118 | DT1799: 100.669 | DU1799: 99.3229 | DV1799: 99.0358 | DW1799: 99.0358 | DX1799: 100.64
A1800: 3951.94 | B1800: 99.4056 | C1800: 99.7822 | D1800: 99.9314 | E1800: 100.891 | F1800: 100.094 | G1800: 99.113 | H1800: 100.198 | I1800: 100.745 | J1800: 100.872 | K1800: 100.784 | L1800: 100.418 | M1800: 99.5877 | N1800: 100.045 | O1800: 100.936 | P1800: 100.466 | Q1800: 100.679 | R1800: 98.8964 | S1800: 99.037 | T1800: 100.301 | U1800: 100.631 | V1800: 100.77 | W1800: 100.299 | X1800: 98.8646 | Y1800: 100.452 | Z1800: 100.716 | AA1800: 100.041 | AB1800: 99.7339 | AC1800: 99.8191 | AD1800: 99.8277 | AE1800: 99.6916 | AF1800: 99.8166 | AG1800: 100.064 | AH1800: 100.217 | AI1800: 99.6299 | AJ1800: 100.26 | AK1800: 100.495 | AL1800: 98.9509 | AM1800: 99.7591 | AN1800: 99.6232 | AO1800: 100.243 | AP1800: 100.234 | AQ1800: 100.159 | AR1800: 99.2801

Sheet XRF suelo
A1: Numero | B1: Nº en cronosecuencia | C1: Nombre ubicacion | D1: Codigo | E1: % SiO2 | F1: %TiO2 | G1: %Al2O3 | H1: %Fe2O3 | I1: %MnO | J1: %MgO | K1: %CaO | L1: %Na2O | M1: %K2O | N1: %P2O5 | O1: %BaO | P1: %Cr2O3 | Q1: %SO3 | R1: %V2O5 | S1: %ZnO5 | T1: %ZrO2 | U1: %SrO | V1: %Rb2O | W1: %PbO | X1: %As2O3
A2: 1 | B2: 1 | C2: Bellingshausen Dome | D2: BH1.1 | E2: 50.962373 | F2: 0.74397625 | G2: 21.296644 | H2: 7.382733 | I2: 0.14905448 | J2: 7.6575117 | K2: 9.7883426 | L2: 1.493137 | M2: 0.11924358 | N2: 0.090728812 | O2: 0.010369007 | P2: 0.0090728812 | Q2: 0.18793825 | R2: 0.011665133 | S2: 0.012961259 | T2: 0.014257385 | U2: 0.064806294 | V2: 0.0025922518 | W2: 0.0012961259 | X2: 0.0012961259
A3: 2 | B3: 2 | C3: Bellingshausen Dome | D3: BH1.2 | E3: 47.604079 | F3: 0.97799379 | G3: 19.968807 | H3: 7.733959 | I3: 0.17071881 | J3: 6.9571222 | K3: 7.5129509 | L3: 1.5748479 | M3: 0.55450527 | N3: 0.10057852 | O3: 0.027791434 | P3: 0.0079404096 | Q3: 0.19321663 | R3: 0.015880819 | S3: 0.014557418 | T3: 0.015880819 | U3: 0.059553072 | V3: 0.0039702048 | W3: 0.0013234016 | X3: 0.0013234016
A4: 3 | B4: 3 | C4: Bellingshausen Dome | D4: BH1.3 | E4: 49.878489 | F4: 1.2540393 | G4: 18.319821 | H4: 8.4555057 | I4: 0.19313264 | J4: 6.5956119 | K4: 6.2529999 | L4: 1.8096264 | M4: 0.39287941 | N4: 0.14021959 | O4: 0.022488047 | P4: 0.01058261 | Q4: 0.18916416 | R4: 0.019842395 | S4: 0.015873916 | T4: 0.017196742 | U4: 0.052913052 | V4: 0.0039684789 | W4: 0.0013228263 | X4: 0.0013228263
A5: 4 | B5: 4 | C5: Bellingshausen Dome | D5: BH1.4 | E5: 52.589769 | F5: 1.211316 | G5: 18.298491 | H5: 8.2243362 | I5: 0.19312738 | J5: 6.5558207 | K5: 6.124897 | L5: 1.7013603 | M5: 0.32187897 | N5: 0.1116723 | O5: 0.024962043 | P5: 0.014451709 | Q5: 0.18655843 | R5: 0.019706876 | S5: 0.015765501 | T5: 0.017079292 | U5: 0.051237877 | V5: 0.0039413752 | W5: 0.0013137917 | X5: 0.0013137917
A6: 5 | B6: 1 | C6: Bellingshausen Dome | D6: BH2.1 | E6: 64.943005 | F6: 1.4768093 | G6: 19.474949 | H6: 7.5746433 | I6: 0.16913884 | J6: 4.3748898 | K6: 6.9851818 | L6: 3.5923071 | M6: 0.73461796 | N6: 0.33196654 | O6: 0.034080215 | P6: 0.0075733811 | Q6: 0.18681007 | R6: 0.022720143 | S6: 0.016408992 | T6: 0.018933453 | U6: 0.041653596 | V6: 0.0037866905 | W6: 0.0012622302 | X6: 0.0012622302
A7: 6 | B7: 2 | C7: Bellingshausen Dome | D7: BH2.2 | E7: 55.14348 | F7: 1.5157787 | G7: 17.215009 | H7: 7.7646059 | I7: 0.18178882 | J7: 4.7095075 | K7: 6.7981171 | L7: 2.3724095 | M7: 0.79254694 | N7: 0.25371965 | O7: 0.032695831 | P7: 0.0039234997 | Q7: 0.19355932 | R7: 0.023540998 | S7: 0.017001832 | T7: 0.019617498 | U7: 0.041850663 | V7: 0.0052313329 | W7: 0.0013078332 | X7: 0.0013078332
A8: 7 | B8: 3 | C8: Bellingshausen Dome | D8: BH2.3 | E8: 60.547854 | F8: 1.6013161 | G8: 19.421058 | H8: 8.3775863 | I8: 0.18486532 | J8: 4.8676951 | K8: 6.3032699 | L8: 2.9348963 | M8: 1.088793 | N8: 0.30470904 | O8: 0.040797863 | P8: 0.0038247997 | Q8: 0.18869012 | R8: 0.024223731 | S8: 0.016574132 | T8: 0.019123998 | U8: 0.042072797 | V8: 0.0050997329 | W8: 0.0012749332 | X8: 0.0012749332
A9: 8 | B9: 4 | C9: Bellingshausen Dome | D9: BH2.4 | E9: 58.105212 | F9: 1.4971927 | G9: 19.074106 | H9: 8.1272501 | I9: 0.18506072 | J9: 4.7087673 | K9: 6.5400974 | L9: 3.3567959 | M9: 0.80707038 | N9: 0.26473965 | O9: 0.032128598 | P9: 0.0077108635 | Q9: 0.1902013 | R9: 0.023132591 | S9: 0.016706871 | T9: 0.019277159 | U9: 0.041124605 | V9: 0.0038554318 | W9: 0.0012851439 | X9: 0.0012851439
A10: 9 | B10: 1 | C10: Marian Cove | D10: MC.1.1 | E10: 57.821279 | F10: 2.1262036 | G10: 22.634519 | H10: 9.5895601 | I10: 0.17951779 | J10: 4.6152623 | K10: 3.9442986 | L10: 2.5234344 | M10: 2.4776001 | N10: 0.33611841 | O10: 0.029283043 | P10: 0.011458582 | Q10: 0.17569826 | R10: 0.033102571 | S10: 0.017824461 | T10: 0.020370813 | U10: 0.029283043 | V10: 0.0076390548 | W10: 0.0012731758 | X10: 0.0012731758
A11: 10 | B11: 2 | C11: Marian Cove | D11: MC.1.2 | E11: 57.352444 | F11: 1.6896141 | G11: 25.5267 | H11: 8.8589886 | I11: 0.16462252 | J11: 3.4889765 | K11: 2.1936908 | L11: 2.2192136 | M11: 3.5553359 | N11: 0.27437086 | O11: 0.058702603 | P11: 0.012761436 | Q11: 0.18248853 | R11: 0.026799015 | S11: 0.016589866 | T11: 0.019142153 | U11: 0.026799015 | V11: 0.010209148 | W11: 0.0012761436 | X11: 0.0012761436
A12: 11 | B12: 3 | C12: Marian Cove | D12: MC.1.3 | E12: 52.115605 | F12: 1.6738047 | G12: 23.215956 | H12: 10.569288 | I12: 0.20308141 | J12: 5.536232 | K12: 2.2545917 | L12: 2.0967832 | M12: 2.5456319 | N12: 0.22895165 | O12: 0.042685901 | P12: 0.012935122 | Q12: 0.18367873 | R12: 0.025870243 | S12: 0.019402682 | T12: 0.01810917 | U12: 0.02975078 | V12: 0.0090545851 | W12: 0.0012935122 | X12: 0.0012935122
A13: 12 | B13: 4 | C13: Marian Cove | D13: MC.1.4 | E13: 56.401548 | F13: 1.3032466 | G13: 27.957774 | H13: 8.4116322 | I13: 0.18416832 | J13: 2.2445514 | K13: 1.3403361 | L13: 1.5257834 | M13: 4.891971 | N13: 0.30055247 | O13: 0.029415773 | P13: 0.0051157866 | Q13: 0.15858939 | R13: 0.020463147 | S13: 0.017905253 | T13: 0.017905253 | U13: 0.025578933 | V13: 0.01534736 | W13: 0.0025578933 | X13: 0.0025578933
... A29: 28 | B29: 4 | C29: Potter Peninsula | D29: PP1.4 | E29: 48.872631 | F29: 1.5199817 | G29: 14.505588 | H29: 8.894808 | I29: 0.16542173 | J29: 4.8528228 | K29: 5.3273934 | L29: 1.6189635 | M29: 0.84202374 | N29: 0.18033681 | O29: 0.03254198 | P29: 0.013559159 | Q29: 0.18576047 | R29: 0.024406485 | S29: 0.017626906 | T29: 0.021694654 | U29: 0.059660298 | V29: 0.0040677476 | W29: 0.0013559159 | X29: 0.0013559159

Sheet Analisis de agua (Multipara)
A1: Numero | B1: Nº en cronosecuencia | C1: Nombre ubicacion | D1: Codigo | E1: Rep | F1: pH | G1: ORP | H1: DO | I1: Cond | J1: Resist | K1: TDS | L1: Salinity | M1: Seawater | N1: atm | O1: T | P1: FeLow | Q1: FeHigh | R1: MnHigh | S1: PMULow | T1: PHighRange
A2: 1 | B2: 1 | C2: Bellingshausen Dome | D2: BH1.1 | E2: 1 | F2: 7.1 | G2: 257.24 | H2: 11.47 | I2: 100.6 | J2: 9956 | K2: 50.2 | L2: 0.05 | M2: 0 | N2: 0.98 | O2: 10.5 | P2: 476 | Q2: 0.22 | R2: 0.22 | S2: 200 | T2: 0.4
E3: 2 | F3: 7.25 | G3: 253.37 | H3: 11.74 | I3: 71.4 | J3: 13996.8 | K3: 36 | L3: 0.03 | M3: 0 | N3: 0.98 | O3: 9.75 | P3: 690 | Q3: 0.14 | R3: 0.14 | S3: 200 | T3: 0.3
E4: 3 | F4: 7.31 | G4: 259.13 | H4: 11.22 | I4: 58.85 | J4: 16927.45 | K4: 29.45 | L4: 0.03 | M4: 0 | N4: 0.98 | O4: 11.46 | P4: 280 | Q4: 0.18 | R4: 0.18 | S4: 200 | T4: 0.3
A5: 2 | B5: 2 | C5: Bellingshausen Dome | D5: BH1.2 | E5: 1 | F5: 7.54 | G5: 283.42 | H5: 12.04 | I5: 76.73 | J5: 13022.95 | K5: 38.55 | L5: 0.04 | M5: 0.04 | N5: 0.98 | O5: 9.86 | P5: 355 | Q5: 0 | R5: 0 | S5: 28 | T5: 0.2
E6: 2 | F6: 7.42 | G6: 278.53 | H6: 11.7 | I6: 75.88 | J6: 13156.67 | K6: 38 | L6: 0.04 | M6: 0.04 | N6: 0.98 | O6: 10.2 | P6: 333 | Q6: 0 | R6: 0 | S6: 28 | T6: 0.1
E7: 3 | F7: 7.43 | G7: 279.93 | H7: 11.53 | I7: 77 | J7: 12996.82 | K7: 38.14 | L7: 0.04 | M7: 0.04 | N7: 0.98 | O7: 11.43 | P7: 300 | Q7: 0 | R7: 0 | S7: 30 | T7: 0.3
A8: 3 | B8: 3 | C8: Bellingshausen Dome | D8: BH1.3 | E8: 1 | F8: 7.79 | G8: 266.06 | H8: 12.38 | I8: 76.85 | J8: 13032.96 | K8: 38 | L8: 0.04 | M8: 0.04 | N8: 0.98 | O8: 10.12 | P8: 53 | Q8: 0.11 | R8: 0.11 | S8: 40 | T8: 0.2
E9: 2 | F9: 7.71 | G9: 278.07 | H9: 11.76 | I9: 78.04 | J9: 12838.07 | K9: 38.96 | L9: 0.04 | M9: 0.04 | N9: 0.98 | O9: 10.76 | P9: 610 | Q9: 0.2 | R9: 0.2 | S9: 30 | T9: 0.3
E10: 3 | F10: 7.76 | G10: 277.77 | H10: 11.48 | I10: 79 | J10: 12628.41 | K10: 40 | L10: 0.04 | M10: 0.04 | N10: 0.98 | O10: 11.45 | P10: 730 | Q10: 0.16 | R10: 0.16 | S10: 35 | T10: 0.3
A11: 4 | B11: 4 | C11: Bellingshausen Dome | D11: BH1.4 | E11: 1 | F11: 7.72 | G11: 286.99 | H11: 11.32 | I11: 107.69 | J11: 9281.62 | K11: 53.86 | L11: 0.05 | M11: 0.04 | N11: 0.98 | O11: 11.5 | P11: 160 | Q11: 0 | R11: 0 | S11: 23 | T11: 0.3
E12: 2 | F12: 7.55 | G12: 289.37 | H12: 11.18 | I12: 116.87 | J12: 8569.83 | K12: 58 | L12: 0.06 | M12: 0.04 | N12: 0.97 | O12: 11.25 | P12: 70 | Q12: 0 | R12: 0 | S12: 22 | T12: 0.4
E13: 3 | F13: 7.29 | G13: 300.84 | H13: 10.97 | I13: 108.08 | J13: 9232.6 | K13: 54 | L13: 0.05 | M13: 0.04 | N13: 0.97 | O13: 12.53 | P13: 120 | Q13: 0 | R13: 0 | S13: 23 | T13: 0.4
A14: 5 | B14: 1 | C14: Bellingshausen Dome | D14: BH2.1 | E14: 1 | F14: 5.25 | G14: 393.91667 | H14: 8.674375 | I14: 6.5 | J14: 5.75 | K14: 156035 | L14: 3.0208333 | M14: 0 | N14: 0.972 | O14: 18.179792 | P14: 90 | Q14: 0 | R14: 0.1 | S14: 107 | T14: 0.6
E15: 2 | F15: 5.3046429 | G15: 390.91786 | H15: 8.7396429 | I15: 5 | J15: 5 | K15: 188817.75 | L15: 3 | M15: 0 | N15: 0.972 | O15: 18.1175 | P15: 50 | Q15: 0 | R15: 0.1 | S15: 100 | T15: 0.7
E16: 3 | F16: 5.3040625 | G16: 389.975 | H16: 8.8209375 | I16: 5 | J16: 4.28125 | K16: 191884.66 | L16: 3 | M16: 0 | N16: 0.972 | O16: 18.094375 | P16: 56 | Q16: 0 | R16: 0.1 | S16: 103 | T16: 0.4
A17: 6 | B17: 2 | C17: Bellingshausen Dome | D17: BH2.2 | E17: 1 | F17: 4.35 | G17: 458.6 | H17: 9.8992308 | I17: 87 | J17: 76 | K17: 11461.115 | L17: 44 | M17: 0.04 | N17: 0.972 | O17: 18.393077 | P17: 510 | Q17: 0.23 | R17: 0 | S17: 41 | T17: 0.1
E18: 2 | F18: 4.34 | G18: 459.68857 | H18: 10.792286 | I18: 90 | J18: 78 | K18: 11119.971 | L18: 45 | M18: 0.04 | N18: 0.972 | O18: 18.103429 | P18: 360 | Q18: 0.26 | R18: 0 | S18: 51 | T18: 0.2
E19: 3 | F19: 4.3408333 | G19: 460.2 | H19: 10.681667 | I19: 91 | J19: 79 | K19: 10945.25 | L19: 46 | M19: 0.04 | N19: 0.972 | O19: 18.048333 | P19: 890 | Q19: 0.25 | R19: 0 | S19: 46 | T19: 0.2
A20: 7 | B20: 3 | C20: Bellingshausen Dome | D20: BH2.3 | E20: 1 | F20: 4.25 | G20: 458.60333 | H20: 11.075 | I20: 93 | J20: 81 | K20: 10726.867 | L20: 47 | M20: 0.04 | N20: 0.972 | O20: 18.042 | P20: 253 | Q20: 0.08 | R20: 0 | S20: 37 | T20: 0.3
E21: 2 | F21: 4.25 | G21: 455.84783 | H21: 11.043261 | I21: 95 | J21: 83 | K21: 10478.717 | L21: 48 | M21: 0.04 | N21: 0.972 | O21: 18.190435 | P21: 235 | Q21: 0.11 | R21: 0 | S21: 33 | T21: 0.2
E22: 3 | F22: 4.2475 | G22: 455.555 | H22: 10.712 | I22: 94 | J22: 82 | K22: 10644.9 | L22: 47 | M22: 0.04 | N22: 0.972 | O22: 18.1975 | P22: 239 | Q22: 0.09 | R22: 0 | S22: 35 | T22: 0.7
A23: 8 | B23: 4 | C23: Bellingshausen Dome | D23: BH2.4 | E23: 1 | F23: 4.3474194 | G23: 429.57742 | H23: 10.68871 | I23: 92 | J23: 80 | K23: 10857.774 | L23: 46 | M23: 0.04 | N23: 0.972 | O23: 18.145806 | P23: 333 | Q23: 0.19 | R23: 0 | S23: 25 | T23: 0
E24: 2 | F24: 4.3495455 | G24: 430.54773 | H24: 10.547045 | I24: 92 | J24: 80 | K24: 10852.75 | L24: 46 | M24: 0.04 | N24: 0.972 | O24: 18.181591 | P24: 330 | Q24: 0.17 | R24: 0 | S24: 46 | T24: 0.5
E25: 3 | F25: 4.3408108 | G25: 433.73243 | H25: 10.646486 | I25: 92 | J25: 80 | K25: 10859.946 | L25: 46 | M25: 0.04 | N25: 0.972 | O25: 18.038919 | P25: 368 | Q25: 0.18 | R25: 0 | S25: 36 | T25: 0.2
A26: 9 | B26: 1 | C26: Marian Cove | D26: MC.1.1 | E26: 1 | F26: 7.6758333 | G26: 294.275 | H26: 11.193333 | I26: 85 | J26: 68 | K26: 11809 | L26: 42 | M26: 0.04 | N26: 0.983 | O26: 14.653333 | P26: 78 | Q26: 0.06 | R26: 0.1 | S26: 103 | T26: 0.2
E27: 2 | F27: 8.091 | G27: 263.19 | H27: 13.159 | I27: 144.9 | J27: 102 | K27: 6914.5 | L27: 72 | M27: 0.07 | N27: 0.983 | O27: 9.47 | P27: 95 | Q27: 0 | R27: 0.2 | S27: 57 | T27: 0.6
E28: 3 | F28: 7.536875 | G28: 298.80625 | H28: 11.57375 | I28: 71 | J28: 58 | K28: 14177.125 | L28: 35 | M28: 0.03 | N28: 0.983 | O28: 15.27375 | P28: 85 | Q28: 0 | R28: 0.1 | S28: 51 | T28: 0.5
A29: 10 | B29: 2 | C29: Marian Cove | D29: MC.1.2 | E29: 1 | F29: 8.06 | G29: 274.7 | H29: 13.215 | I29: 65 | J29: 45 | K29: 15346.5 | L29: 33 | M29: 0.03 | N29: 0.983 | O29: 8.555 | P29: 28 | Q29: 0 | R29: 0.1 | S29: 38 | T29: 0.1
E30: 2 | F30: 7.548 | G30: 286.165 | H30: 12.6275 | I30: 132.35 | J30: 101.75 | K30: 7563.2 | L30: 65.95 | M30: 0.06 | N30: 0.983 | O30: 12.8765 | P30: 64 | Q30: 0.09 | R30: 0 | S30: 25 | T30: 0.3
E31: 3 | F31: 7.4491667 | G31: 285.02917 | H31: 11.489167 | I31: 105.20833 | J31: 86.875 | K31: 9971.0417 | L31: 52.625 | M31: 0.046666667 | N31: 0.983 | O31: 15.910417 | P31: 31 | Q31: 0 | R31: 0 | S31: 44 | T31: 0.3
A32: 11 | B32: 3 | C32: Marian Cove | D32: MC.1.3 | E32: 1 | F32: 7.8889655 | G32: 278.64828 | H32: 12.705862 | I32: 101 | J32: 73 | K32: 9909.6207 | L32: 50.137931 | M32: 0.05 | N32: 0.983 | O32: 10.29069 | P32: 26 | Q32: 0 | R32: 0.1 | S32: 101 | T32: 0.4
E33: 2 | F33: 7.5026316 | G33: 295.12632 | H33: 12.818421 | I33: 97.894737 | J33: 75.789474 | K33: 10820.632 | L33: 49.052632 | M33: 0.046842105 | N33: 0.983 | O33: 13.104737 | P33: 22 | Q33: 0 | R33: 0.1 | S33: 86 | T33: 0.3
E34: 3 | F34: 7.3628571 | G34: 300.45 | H34: 11.795714 | I34: 54 | J34: 44.071429 | K34: 18494.929 | L34: 27 | M34: 0.02 | N34: 0.983 | O34: 15.692143 | P34: 15 | Q34: 0 | R34: 0.1 | S34: 79 | T34: 0.2
A35: 12 | B35: 4 | C35: Marian Cove | D35: MC.1.4 | E35: 1 | F35: 7.58 | G35: 278.65 | H35: na | I35: na | J35: na | K35: na | L35: na | M35: na | N35: na | O35: na | P35: 23 | Q35: na | R35: na | S35: na | T35: 0.3
E36: 2 | F36: na | G36: na | H36: 11.031481 | I36: na | J36: na | K36: na | L36: na | M36: na | N36: na | O36: na | P36: na | Q36: na | R36: na | S36: na
E37: 3 | F37: na | G37: na | H37: 10.5808 | I37: 13075.06 | J37: 42.06 | K37: 0.04 | L37: na | M37: na | N37: na | O37: na | P37: na | Q37: na | R37: na | S37: na
A38: 13 | B38: 1 | C38: Barton Peninsula | D38: BP1.1 | E38: 1 | F38: 6.9648148 | G38: 270.68889 | H38: 10.69625 | I38: 78.555556 | J38: 10860.333 | K38: 45.962963 | L38: 0.04 | M38: 0.971 | N38: 17.256667 | O38: 42 | P38: na | Q38: na | R38: na | S38: 0.4
E39: 2 | F39: 6.7216 | G39: 307.284 | H39: 11.886364 | I39: 15.24 | J39: 54919.32 | K39: 9 | L39: 0.01 | M39: 0.971 | N39: 16.9744 | O39: 40 | P39: na | Q39: na | R39: na | S39: 0.3
E40: 3 | F40: 6.5408333 | G40: 320.15833 | H40: 12.054194 | I40: 16 | J40: 54349.958 | K40: 9 | L40: 0.01 | M40: 0.971 | N40: 17.01625 | O40: 45 | P40: na | Q40: na | R40: na | S40: 0.1
A41: 14 | B41: 2 | C41: Barton Peninsula | D41: BP1.2 | E41: 1 | F41: 8.2387879 | G41: 234.73939 | H41: 11.971622 | I41: 84 | J41: 8374.6667 | K41: 60 | L41: 0.06 | M41: 0.978 | N41: 9.3457576 | O41: 18 | P41: na | Q41: na | R41: na | S41: 0.2
E42: 2 | F42: 8.1567742 | G42: 241.1871 | H42: 13.222083 | I42: 29 | J42: 23737.968 | K42: 21 | L42: 0.02 | M42: 0.978 | N42: 8.5196774 | O42: 0 | P42: na | Q42: na | R42: na | S42: 0.3
E43: 3 | F43: 8.0840541 | G43: 250.61622 | H43: 12.374074 | I43: 52.810811 | J43: 13095.432 | K43: 38 | L43: 0.04 | M43: 0.97802703 | N43: 8.6456757 | O43: 0 | P43: na | Q43: na | R43: na | S43: 0.2
A44: 15 | B44: 3 | C44: Barton Peninsula | D44: BP1.3 | E44: 1 | F44: 8.30625 | G44: 218.10833 | H44: 12.32 | I44: 79 | J44: 8065.0833 | K44: 62 | L44: 0.06 | M44: 0.981 | N44: 5.7441667 | O44: 38 | P44: na | Q44: na | R44: na | S44: 0.2
E45: 2 | F45: 8.1314815 | G45: 240.2 | H45: 11.857778 | I45: 42 | J45: 14594.815 | K45: 34 | L45: 0.03 | M45: 0.981 | N45: 4.9688889 | O45: 43 | P45: na | Q45: na | R45: na | S45: 0.5
E46: 3 | F46: 7.995625 | G46: 257.06875 | H46: 11.8735 | I46: 40 | J46: 15519.906 | K46: 32 | L46: 0.03 | M46: 0.981 | N46: 5.1215625 | O46: 43 | P46: na | Q46: na | R46: na | S46: 0.1
A47: 16 | B47: 4 | C47: Barton Peninsula | D47: BP1.4 | E47: 1 | F47: 7.7166667 | G47: 280.15556 | H47: 11.763333 | I47: 29.037037 | J47: 24214.148 | K47: 21 | L47: 0.02 | M47: 0.978 | N47: 9.7425926 | O47: 16 | P47: na | Q47: na | R47: na | S47: 0.5
E48: 2 | F48: 7.567 | G48: 284.045 | H48: 8.674375 | I48: 40 | J48: 17468.575 | K48: 29 | L48: 0.03 | M48: 0.978 | N48: 8.8845 | O48: 24 | P48: na | Q48: na | R48: na | S48: 0.1
E49: 3 | F49: 7.53625 | G49: 288.67292 | H49: 8.7396429 | I49: 40 | J49: 17318.229 | K49: 29 | L49: 0.03 | M49: 0.978 | N49: 8.7802083 | O49: 20 | P49: na | Q49: na | R49: na | S49: 0.3
A50: 17 | B50: 1 | C50: Barton Peninsula | D50: BP2.1 | E50: 1 | F50: 5.25 | G50: 393.91667 | H50: 8.8209375 | I50: 5.75 | J50: 156035 | K50: 3.0208333 | L50: 0 | M50: 0.972 | N50: 18.179792 | O50: 1 | P50: na | Q50: na | R50: 64 | S50: na
E51: 2 | F51: 5.3046429 | G51: 390.91786 | H51: 9.8992308 | I51: 5 | J51: 188817.75 | K51: 3 | L51: 0 | M51: 0.972 | N51: 18.1175 | O51: 10 | P51: na | Q51: na | R51: 29 | S51: na
E52: 3 | F52: 5.3040625 | G52: 389.975 | H52: 10.792286 | I52: 4.28125 | J52: 191884.66 | K52: 3 | L52: 0 | M52: 0.972 | N52: 18.094375 | O52: 7 | P52: na | Q52: na | R52: 13 | S52: na
A53: 18 | B53: 2 | C53: Barton Peninsula | D53: BP2.2 | E53: 1 | F53: 4.35 | G53: 458.6 | H53: 10.681667 | I53: 76 | J53: 11461.115 | K53: 44 | L53: 0.04 | M53: 0.972 | N53: 18.393077 | O53: 23 | P53: na | Q53: na | R53: 31 | S53: na
E54: 2 | F54: 4.34 | G54: 459.68857 | H54: 11.075 | I54: 78 | J54: 11119.971 | K54: 45 | L54: 0.04 | M54: 0.972 | N54: 18.103429 | O54: 26 | P54: na | Q54: na | R54: 13 | S54: na
E55: 3 | F55: 4.3408333 | G55: 460.2 | H55: 11.043261 | I55: 79 | J55: 10945.25 | K55: 46 | L55: 0.04 | M55: 0.972 | N55: 18.048333 | O55: 37 | P55: na | Q55: na | R55: 18 | S55: na
A56: 19 | B56: 3 | C56: Barton Peninsula | D56: BP2.3 | E56: 1 | F56: 4.25 | G56: 458.60333 | H56: 10.712 | I56: 81 | J56: 10726.867 | K56: 47 | L56: 0.04 | M56: 0.972 | N56: 18.042 | O56: 0 | P56: na | Q56: na | R56: 69 | S56: na
E57: 2 | F57: 4.25 | G57: 455.84783 | H57: 10.68871 | I57: 83 | J57: 10478.717 | K57: 48 | L57: 0.04 | M57: 0.972 | N57: 18.190435 | O57: 10 | P57: na | Q57: na | R57: 74 | S57: na
E58: 3 | F58: 4.2475 | G58: 455.555 | H58: 10.547045 | I58: 82 | J58: 10644.9 | K58: 47 | L58: 0.04 | M58: 0.972 | N58: 18.1975 | O58: 1 | P58: na | Q58: na | R58: 89 | S58: na
A59: 20 | B59: 4 | C59: Barton Peninsula | D59: BP2.4 | E59: 1 | F59: 4.3474194 | G59: 429.57742 | H59: 10.646486 | I59: 80 | J59: 10857.774 | K59: 46 | L59: 0.04 | M59: 0.972 | N59: 18.145806 | O59: 448 | P59: na | Q59: na | R59: 199 | S59: na
E60: 2 | F60: 4.3495455 | G60: 430.54773 | H60: na | I60: 80 | J60: 10852.75 | K60: 46 | L60: 0.04 | M60: 0.972 | N60: 18.181591 | O60: 372 | P60: na | Q60: na | R60: 275 | S60: na
E61: 3 | F61: 4.3408108 | G61: 433.73243 | H61: na | I61: 80 | J61: 10859.946 | K61: 46 | L61: 0.04 | M61: 0.972 | N61: 18.038919 | O61: 415 | P61: na | Q61: na | R61: 135 | S61: na
A62: 21 | B62: 1 | C62: Barton Peninsula | D62: BP3.1 | E62: 1 | F62: 5.51 | G62: 366.8 | H62: na | I62: na | J62: na | K62: na | L62: na | M62: na | N62: na | O62: na | P62: na | Q62: na | R62: na | S62: na
E63: 2 | F63: 5.5 | G63: 327.4 | H63: na | I63: na | J63: na | K63: na | L63: na | M63: na | N63: na | O63: na | P63: na | Q63: na | R63: na | S63: na
E64: 3 | F64: 5.49 | G64: 307 | H64: na | I64: na | J64: na | K64: na | L64: na | M64: na | N64: na | O64: na | P64: na | Q64: na | R64: na | S64: na
A65: 22 | B65: 2 | C65: Barton Peninsula | D65: BP3.2 | E65: 1 | F65: 7.33 | G65: 290.9 | H65: na | I65: na | J65: na | K65: na | L65: na | M65: na | N65: na | O65: na | P65: na | Q65: na | R65: na | S65: na
E66: 2 | F66: 7.49 | G66: 289.8 | H66: na | I66: na | J66: na | K66: na | L66: na | M66: na | N66: na | O66: na | P66: na | Q66: na | R66: na | S66: na
E67: 3 | F67: 7.39 | G67: 292.9 | H67: na | I67: na | J67: na | K67: na | L67: na | M67: na | N67: na | O67: na | P67: na | Q67: na | R67: na | S67: na
A68: 23 | B68: 3 | C68: Barton Peninsula | D68: BP3.3 | E68: 1 | F68: 6.89 | G68: 259 | H68: na | I68: na | J68: na | K68: na | L68: na | M68: na | N68: na | O68: na | P68: na | Q68: na | R68: na | S68: na
E69: 2 | F69: 6.94 | G69: 262.6 | H69: na | I69: na | J69: na | K69: na | L69: na | M69: na | N69: na | O69: na | P69: na | Q69: na | R69: na | S69: na
E70: 3 | F70: 6.97 | G70: 266.8 | H70: na | I70: na | J70: na | K70: na | L70: na | M70: na | N70: na | O70: na | P70: na | Q70: na | R70: na | S70: na
A71: 24 | B71: 4 | C71: Barton Peninsula | D71: BP3.4 | E71: 1 | F71: 7.21 | G71: 307.7 | H71: na | I71: na | J71: na | K71: na | L71: na | M71: na | N71: na | O71: na | P71: na | Q71: na | R71: na | S71: na
E72: 2 | F72: 7.19 | G72: 306.8 | H72: 10.722642 | I72: na | J72: na | K72: na | L72: na | M72: na | N72: na | O72: na | P72: na | Q72: na | R72: na | S72: na
E73: 3 | F73: 7.12 | G73: 323.5 | H73: 10.643167 | I73: na | J73: na | K73: na | L73: na | M73: na | N73: na | O73: na | P73: na | Q73: na | R73: na | S73: na
A74: 25 | B74: 1 | C74: Potter Peninsula | D74: PP1.1 | E74: 1 | F74: 5.31 | G74: 323.4 | H74: 10.542 | I74: 32300 | J74: na | K74: na | L74: na | M74: na | N74: na | O74: na | P74: na | Q74: na | R74: na | S74: na
E75: 2 | F75: 5.29 | G75: 324.4 | H75: 9.5561667 | I75: 31300 | J75: na | K75: na | L75: na | M75: na | N75: na | O75: na | P75: na | Q75: na | R75: na | S75: na
E76: 3 | F76: 5.27 | G76: 325.2 | H76: 9.8626027 | I76: 30300 | J76: na | K76: na | L76: na | M76: na | N76: na | O76: na | P76: na | Q76: na | R76: na | S76: na
A77: 26 | B77: 2 | C77: Potter Peninsula | D77: PP1.2 | E77: 1 | F77: 5.24 | G77: 327.3 | H77: 9.8992857 | I77: 31000 | J77: na | K77: na | L77: na | M77: na | N77: na | O77: na | P77: na | Q77: na | R77: na | S77: na
E78: 2 | F78: 5.23 | G78: 328.3 | H78: 9.6278947 | I78: 30000 | J78: na | K78: na | L78: na | M78: na | N78: na | O78: na | P78: na | Q78: na | R78: na | S78: na
E79: 3 | F79: 5.23 | G79: 328.7 | H79: 9.7724242 | I79: 17540 | J79: na | K79: na | L79: na | M79: na | N79: na | O79: na | P79: na | Q79: na | R79: na | S79: na
A80: 27 | B80: 3 | C80: Potter Peninsula | D80: PP1.3 | E80: 1 | F80: 5.22 | G80: 329.7 | H80: 9.7773913 | I80: 9090 | J80: na | K80: na | L80: na | M80: na | N80: na | O80: na | P80: na | Q80: na | R80: na | S80: na
E81: 2 | F81: 5.21 | G81: 330.1 | H81: 9.2705263 | I81: 7870 | J81: na | K81: na | L81: na | M81: na | N81: na | O81: na | P81: na | Q81: na | R81: na | S81: na
E82: 3 | F82: 5.21 | G82: 330.9 | H82: 9.4190385 | I82: 7870 | J82: na | K82: na | L82: na | M82: na | N82: na | O82: na | P82: na | Q82: na | R82: na | S82: na
A83: 28 | B83: 4 | C83: Potter Peninsula | D83: PP1.4 | E83: 1 | F83: 6.54 | G83: 284.9 | H83: 9.9 | I83: 9090 | J83: na | K83: na | L83: na | M83: na | N83: na | O83: na | P83: na | Q83: na | R83: na | S83: na
E84: 2 | F84: 6.57 | G84: 284.4 | H84: 9.6 | I84: 9090 | J84: na | K84: na | L84: na | M84: na | N84: na | O84: na | P84: na | Q84: na | R84: na | S84: na
E85: 3 | F85: 6.59 | G85: 283.8 | H85: 10.01 | I85: 17540 | J85: na | K85: na | L85: na | M85: na | N85: na | O85: na | P85: na | Q85: na | R85: na | S85: na
A86: 29 | B86: 1 | C86: Glaciar Nelson | D86: GN 1.1 | E86: 1 | F86: 6.4279245 | G86: 275.1566 | H86: 10.722642 | I86: 38.415094 | J86: 23130.623 | K86: 21.924528 | L86: 0.018679245 | M86: 0.983 | N86: 18.500943 | O86: na | P86: na | Q86: na | R86: na | S86: na
E87: 2 | F87: 6.013 | G87: 288.87667 | H87: 10.643167 | I87: 27 | J87: 32412.167 | K87: 15.016667 | L87: 0.01 | M87: 0.983 | N87: 18.554667 | O87: na | P87: na | Q87: na | R87: na | S87: na
E88: 3 | F88: 5.8702222 | G88: 294.78889 | H88: 10.542 | I88: 22 | J88: 39617.222 | K88: 13 | L88: 0.01 | M88: 0.983 | N88: 18.555333 | O88: na | P88: na | Q88: na | R88: na | S88: na
A89: 30 | B89: 2 | C89: Glaciar Nelson | D89: GN1.2 | E89: 1 | F89: 6.365 | G89: 300.915 | H89: 9.5561667 | I89: 116.38333 | J89: 7549.85 | K89: 66.216667 | L89: 0.06 | M89: 0.983 | N89: 18.605 | O89: na | P89: na | Q89: na | R89: na | S89: na
E90: 2 | F90: 6.4605479 | G90: 300.55205 | H90: 9.8626027 | I90: 123 | J90: 7128.9452 | K90: 70 | L90: 0.07 | M90: 0.983 | N90: 18.669452 | O90: na | P90: na | Q90: na | R90: na | S90: na
E91: 3 | F91: 6.48 | G91: 301.17143 | H91: 9.8992857 | I91: 124 | J91: 7107.7857 | K91: 70 | L91: 0.07 | M91: 0.983 | N91: 18.72 | O91: na | P91: na | Q91: na | R91: na | S91: na
A92: 31 | B92: 3 | C92: Glaciar Nelson | D92: GN 1.3 | E92: 1 | F92: 6.6802632 | G92: 305.49211 | H92: 9.6278947 | I92: 129 | J92: 6801.2895 | K92: 73.552632 | L92: 0.07 | M92: 0.983 | N92: 18.637368 | O92: na | P92: na | Q92: na | R92: na | S92: na
E93: 2 | F93: 6.66 | G93: 305.89697 | H93: 9.7724242 | I93: 128.9697 | J93: 6843.3636 | K93: 73 | L93: 0.07 | M93: 0.983 | N93: 18.728485 | O93: na | P93: na | Q93: na | R93: na | S93: na
E94: 3 | F94: 6.66 | G94: 306.26957 | H94: 9.7773913 | I94: 128 | J94: 6869.9275 | K94: 73 | L94: 0.07 | M94: 0.983 | N94: 18.757826 | O94: na | P94: na | Q94: na | R94: na | S94: na
A95: 32 | B95: 4 | C95: Glaciar Nelson | D95: GN 1.4 | E95: 1 | F95: 7.1712281 | G95: 293.73333 | H95: 9.2705263 | I95: 209.77193 | J95: 4209.6842 | K95: 118.78947 | L95: 0.11 | M95: 0.983 | N95: 18.856316 | O95: na | P95: na | Q95: na | R95: na | S95: na
E96: 2 | F96: 7.2196154 | G96: 292.64038 | H96: 9.4190385 | I96: 216.01923 | J96: 4083.1346 | K96: 122.01923 | L96: 0.12 | M96: 0.983 | N96: 18.899808 | O96: na | P96: na | Q96: na | R96: na | S96: na
E97: 3 | F97: na | G97: na | H97: na | I97: na | J97: na | K97: na | L97: na | M97: na | N97: na | O97: na | P97: na | Q97: na | R97: na | S97: na

Sheet Analisis de roca
F1: (+) Abundacia (-)
A2: Numero | B2: Nº en cronosecuencia | C2: Nombre ubicacion | D2: Codigo | E2: Rep | F2: MF1 | G2: MF2 | H2: MF3 | I2: MF4
A3: 1 | B3: 1 | C3: Bellingshausen Dome | D3: BH1.1 | E3: 1 | F3: anorthite | G3: magnetite | H3: zeolite | I3: na
E4: 2 | F4: anorthite | G4: zeolite | H4: hedenbergite | I4: na
E5: 3 | F5: na | G5: na | H5: na | I5: na
E6: 4 | F6: na | G6: na | H6: na | I6: na
A7: 2 | B7: 2 | C7: Bellingshausen Dome | D7: BH1.2 | E7: 1 | F7: anothite | G7: hedenbergite | H7: hematite | I7: na
E8: 2 | F8: quartz | G8: albite | H8: calcite | I8: na
E9: 3 | F9: na | G9: na | H9: na | I9: na
E10: 4 | F10: na | G10: na | H10: na | I10: na
A11: 3 | B11: 3 | C11: Bellingshausen Dome | D11: BH1.3 | E11: 1 | F11: anorthite | G11: zeolite | H11: hematite | I11: na
E12: 2 | F12: anorthite | G12: amphibole | H12: quartz | I12: na
E13: 3 | F13: na | G13: na | H13: na | I13: na
E14: 4 | F14: na | G14: na | H14: na | I14: na
A15: 4 | B15: 4 | C15: Bellingshausen Dome | D15: BH1.4 | E15: 1 | F15: anorthite | G15: zeolite | H15: hematite | I15: na
E16: 2 | F16: zeolite | G16: calcite | H16: phosphate | I16: hematite
E17: 3 | F17: na | G17: na | H17: na | I17: na
E18: 4 | F18: na | G18: na | H18: na | I18: na
A19: 5 | B19: 1 | C19: Bellingshausen Dome | D19: BH2.1 | E19: 1 | F19: anorthite | G19: zeolite | H19: hematite | I19: na
E20: 2 | F20: anorthite | G20: quartz | H20: na | I20: na
E21: 3 | F21: na | G21: na | H21: na | I21: na
E22: 4 | F22: na | G22: na | H22: na | I22: na
A23: 6 | B23: 2 | C23: Bellingshausen Dome | D23: BH2.2 | E23: 1 | F23: quartz | G23: anorthite | H23: zeolite | I23: hematite
E24: 2 | F24: quartz | G24: zeolite | H24: ilmenite | I24: na
E25: 3 | F25: na | G25: na | H25: na | I25: na
E26: 4 | F26: na | G26: na | H26: na | I26: na
A27: 7 | B27: 3 | C27: Bellingshausen Dome | D27: BH2.3 | E27: 1 | F27: quartz | G27: anorthite | H27: na | I27: na
E28: 2 | F28: anorthite | G28: zeolite | H28: hematite | I28: na
E29: 3 | F29: na | G29: na | H29: na | I29: na
E30: 4 | F30: na | G30: na | H30: na | I30: na
A31: 8 | B31: 4 | C31: Bellingshausen Dome | D31: BH2.4 | E31: 1 | F31: anorthite | G31: quartz | H31: anorthoclase | I31: na
E32: 2 | F32: quartz | G32: na | H32: na | I32: na
E33: 3 | F33: na | G33: na | H33: na | I33: na
E34: 4 | F34: na | G34: na | H34: na | I34: na
A35: 9 | B35: 1 | C35: Marian Cove | D35: MC.1.1 | E35: 1 | F35: anorthite | G35: quartz | H35: na | I35: na
E36: 2 | F36: calcite | G36: na | H36: na | I36: na
E37: 3 | F37: na | G37: na | H37: na | I37: na
E38: 4 | F38: na | G38: na | H38: na | I38: na
A39: 10 | B39: 2 | C39: Marian Cove | D39: MC.1.2 | E39: 1 | F39: albite | G39: quartz | H39: na | I39: na
E40: 2 | F40: albite | G40: quartz | H40: clinochlore | I40: na
E41: 3 | F41: na | G41: na | H41: na | I41: na
E42: 4 | F42: na | G42: na | H42: na | I42: na
A43: 11 | B43: 3 | C43: Marian Cove | D43: MC.1.3 | E43: 1 | F43: quartz | G43: albite | H43: calcite | I43: hematite
E44: 2 | F44: albite | G44: quartz | H44: clinochlore | I44: na
E45: 3 | F45: na | G45: na | H45: na | I45: na
E46: 4 | F46: na | G46: na | H46: na | I46: na
A47: 12 | B47: 4 | C47: Marian Cove | D47: MC.1.4 | E47: 1 | F47: quartz | G47: albite | H47: na | I47: na
E48: 2 | F48: quartz | G48: albite | H48: muscovite | I48: na
E49: 3 | F49: na | G49: na | H49: na | I49: na
E50: 4 | F50: na | G50: na | H50: na | I50: na
A51: 13 | B51: 1 | C51: Barton Peninsula | D51: BP1.1 | E51: 1 | F51: anorthite | G51: quartz | H51: muscovite | I51: pyrite
E52: 2 | F52: anorthite | G52: na | H52: na | I52: na
E53: 3 | F53: na | G53: na | H53: na | I53: na
E54: 4 | F54: na | G54: na | H54: na | I54: na
A55: 14 | B55: 2 | C55: Barton Peninsula | D55: BP1.2 | E55: 1 | F55: anorthite | G55: zeolite | H55: muscovite | I55: quartz
E56: 2 | F56: quartz | G56: clinochlore | H56: biotite | I56: na
E57: 3 | F57: na | G57: na | H57: na | I57: na
E58: 4 | F58: na | G58: na | H58: na | I58: na
A59: 15 | B59: 3 | C59: Barton Peninsula | D59: BP1.3 | E59: 1 | F59: quartz | G59: clinochlore | H59: muscovite | I59: magnetite
E60: 2 | F60: quartz | G60: kaolinite | H60: pyrite | I60: na
E61: 3 | F61: na | G61: na | H61: na | I61: na
E62: 4 | F62: na | G62: na | H62: na | I62: na
A63: 16 | B63: 4 | C63: Barton Peninsula | D63: BP1.4 | E63: 1 | F63: quartz | G63: kaolinite | H63: muscovite | I63: na
E64: 2 | F64: quartz | G64: Illite | H64: kaolinite | I64: na
E65: 3 | F65: na | G65: na | H65: na | I65: na
E66: 4 | F66: na | G66: na | H66: na | I66: na
A67: 17 | B67: 1 | C67: Barton Peninsula | D67: BP2.1 | E67: 1 | F67: albite | G67: quartz | H67: muscovite | I67: na
E68: 2 | F68: bytownite | G68: quartz | H68: pyrite | I68: na
E69: 3 | F69: na | G69: na | H69: na | I69: na
E70: 4 | F70: na | G70: na | H70: na | I70: na
A71: 18 | B71: 2 | C71: Barton Peninsula | D71: BP2.2 | E71: 1 | F71: albite | G71: quartz | H71: muscovite | I71: na
E72: 2 | F72: albite | G72: quartz | H72: muscovite | I72: pyrite
E73: 3 | F73: na | G73: na | H73: na | I73: na
E74: 4 | F74: na | G74: na | H74: na | I74: na
A75: 19 | B75: 3 | C75: Barton Peninsula | D75: BP2.3 | E75: 1 | F75: quartz | G75: chamosite | H75: albite | I75: muscovite
E76: 2 | F76: albite | G76: quartz | H76: pyrite | I76: na
E77: 3 | F77: na | G77: na | H77: na | I77: na
E78: 4 | F78: na | G78: na | H78: na | I78: na
A79: 20 | B79: 4 | C79: Barton Peninsula | D79: BP2.4 | E79: 1 | F79: quartz | G79: dolomite | H79: albite | I79: na
E80: 2 | F80: albite | G80: quartz | H80: clinochlore | I80: na
E81: 3 | F81: na | G81: na | H81: na | I81: na
E82: 4 | F82: na | G82: na | H82: na | I82: na
A83: 21 | B83: 1 | C83: Barton Peninsula | D83: BP3.1 | E83: 1 | F83: anorthite | G83: phlogopite | H83: magnetite | I83: na
E84: 2 | F84: anorthite | G84: quartz | H84: phlogopite | I84: magnetite
E85: 3 | F85: na | G85: na | H85: na | I85: na
E86: 4 | F86: na | G86: na | H86: na | I86: na
A87: 22 | B87: 2 | C87: Barton Peninsula | D87: BP3.2 | E87: 1 | F87: quartz | G87: anorthite | H87: na | I87: na
E88: 2 | F88: quartz | G88: anorthite | H88: na | I88: na
E89: 3 | F89: na | G89: na | H89: na | I89: na
E90: 4 | F90: na | G90: na | H90: na | I90: na
A91: 23 | B91: 3 | C91: Barton Peninsula | D91: BP3.3 | E91: 1 | F91: quartz | G91: anorthite | H91: clinochlore | I91: magnetite
E92: 2 | F92: quartz | G92: anorthite | H92: clinochlore | I92: pyrite
E93: 3 | F93: na | G93: na | H93: na | I93: na
E94: 4 | F94: na | G94: na | H94: na | I94: na
A95: 24 | B95: 4 | C95: Barton Peninsula | D95: BP3.4 | E95: 1 | F95: quartz | G95: anorthite | H95: clinochlore | I95: magnetite
E96: 2 | F96: quartz | G96: muscovite | H96: na | I96: na
E97: 3 | F97: na | G97: na | H97: na | I97: na
E98: 4 | F98: na | G98: na | H98: na | I98: na
A99: 25 | B99: 1 | C99: Potter Peninsula | D99: PP1.1 | E99: 1 | F99: albite | G99: clinochlore | H99: na | I99: na
E100: 2 | F100: anorthite | G100: quartz | H100: clinochlore | I100: ferrierite
...

Sheet XRF rocas
A1: Numero | B1: Nº en cronosecuencia | C1: Nombre ubicacion | D1: Codigo | E1: Rep | F1: SiO2 | G1: TiO2 | H1: Al2O3 | I1: Fe2O3 | J1: FeO | K1: MnO | L1: MgO | M1: CaO | N1: Na2O | O1: K2O | P1: P2O5 | Q1: BaO | R1: Cr2O3 | S1: SO3 | T1: V2O5 | U1: ZnO | V1: ZrO2 | W1: SrO | X1: Rb2O | Y1: As2O3
A2: 1 | B2: 1 | C2: Bellingshausen Dome | D2: BH1.1 | E2: 1 | F2: 45766 | G2: 1083 | H2: 13716 | I2: 5730 | J2: 0.234 | K2: 2468 | L2: 5902 | M2: 45766 | N2: 1328 | O2: 0.386 | P2: 0.033 | Q2: 0.001 | R2: 0.146 | S2: 0.017 | T2: 0.025 | U2: 0.016 | V2: 0.049 | W2: 0.004 | X2: 0 | Y2: 0.001
E3: 2 | F3: 36748 | G3: 0.565 | H3: 15934 | I3: 5970 | J3: 0.115 | K3: 3083 | L3: 8393 | M3: 2412 | N3: 0.174 | O3: 0.113 | P3: 0.019 | Q3: 0.001 | R3: 0.144 | S3: 0.010 | T3: 0.018 | U3: 0.012 | V3: 0.012 | W3: 0.002 | X3: 0 | Y3: 0.001
A4: 2 | B4: 2 | C4: Bellingshausen Dome | D4: BH1.2 | E4: 1 | F4: 36354 | G4: 0.438 | H4: 15987 | I4: 5401 | J4: 0.135 | K4: 4949 | L4: 9834 | M4: 1659 | N4: 0.162 | O4: 0.135 | P4: 0.007 | Q4: 0.002 | R4: 0.147 | S4: 0.147 | T4: 0.017 | U4: 0.010 | V4: 0.042 | W4: 0.002 | X4: 0 | Y4: 0.001
E5: 2 | F5: 65078 | G5: 0.283 | H5: 6640 | I5: 2201 | J5: 0.085 | K5: 1291 | L5: 5128 | M5: 1333 | N5: 0.665 | O5: 0.066 | P5: 0.015 | Q5: 0.002 | R5: 0.139 | S5: 0.005 | T5: 0.017 | U5: 0.012 | V5: 0.022 | W5: 0.007 | X5: 0 | Y5: 0.001
A6: 3 | B6: 3 | C6: Bellingshausen Dome | D6: BH1.3 | E6: 1 | F6: 37430 | G6: 0.468 | H6: 14726 | I6: 6175 | J6: 0.136 | K6: 6175 | L6: 8156 | M6: 2942 | N6: 0.202 | O6: 0.063 | P6: 0.011 | Q6: 0.006 | R6: 0.142 | S6: 0.008 | T6: 0.021 | U6: 0.010 | V6: 0.039 | W6: 0.039 | X6: 0 | Y6: 0.001
E7: 2 | F7: 44413 | G7: 0.584 | H7: 12672 | I7: 4378 | J7: 0.140 | K7: 4792 | L7: 6993 | M7: 2880 | N7: 0.381 | O7: 0.375 | P7: 0.018 | Q7: 0.002 | R7: 0.140 | S7: 0.009 | T7: 0.019 | U7: 0.012 | V7: 0.052 | W7: 0.003 | X7: 0 | Y7: 0.001
E8: 3 | F8: 35159 | G8: 0.432 | H8: 21867 | I8: 4153 | J8: 0.073 | K8: 1265 | L8: 10565 | M8: 3373 | N8: 0 | O8: 0.053 | P8: 0.001 | Q8: 0.001 | R8: 0.137 | S8: 0.007 | T8: 0.020 | U8: 0.010 | V8: 0.033 | W8: 0.003 | X8: 0 | Y8: 0.001
E9: 4 | F9: 30789 | G9: 0.422 | H9: 17047 | I9: 4356 | J9: 0.002 | K9: 1896 | L9: 17329 | M9: 2641 | N9: 0 | O9: 0.077 | P9: 0.003 | Q9: 0.002 | R9: 0.138 | S9: 0.007 | T9: 0.021 | U9: 0.021 | V9: 0.009 | W9: 0.031 | X9: 0 | Y9: 0.001
A10: 4 | B10: 4 | C10: Bellingshausen Dome | D10: BH1.4 | E10: 1 | F10: 46917 | G10: 0.621 | H10: 13334 | I10: 5362 | J10: 0.078 | K10: 1447 | L10: 5346 | M10: 2868 | N10: 1828 | O10: 0.127 | P10: 0.057 | Q10: 0.002 | R10: 0.146 | S10: 0.010 | T10: 0.018 | U10: 0.015 | V10: 0.063 | W10: 0.004 | X10: 0 | Y10: 0.001
E11: 2 | F11: 55464 | G11: 0.739 | H11: 15748 | I11: 3017 | J11: 0.129 | K11: 0.854 | L11: 2212 | M11: 6112 | N11: 2712 | O11: 0.196 | P11: 0.063 | Q11: 0 | R11: 0.148 | S11: 0.011 | T11: 0.019 | U11: 0.023 | V11: 0.033 | W11: 0.009 | X11: 0 | Y11: 0.001
A12: 5 | B12: 1 | C12: Bellingshausen Dome | D12: BH2.1 | E12: 1 | F12: 61564 | G12: 0.775 | H12: 11340 | I12: 4798 | J12: 0.054 | K12: 0.950 | L12: 3200 | M12: 3131 | N12: 0.611 | O12: 0.185 | P12: 0.113 | Q12: 0.000 | R12: 0.141 | S12: 0.013 | T12: 0.021 | U12: 0.016 | V12: 0.056 | W12: 0.004 | X12: 0 | Y12: 0.001
E13: 2 | F13: 73884 | G13: -0.034 | H13: 6352 | I13: 4312 | J13: 0.067 | K13: 0.638 | L13: 1885 | M13: 1017 | N13: 0.749 | O13: -0.014 | P13: 0.015 | Q13: 0.000 | R13: 0.141 | S13: 0.001 | T13: 0.018 | U13: 0.010 | V13: 0.042 | W13: 0.006 | X13: 0 | Y13: 0.001
A14: 6 | B14: 2 | C14: Bellingshausen Dome | D14: BH2.2 | E14: 1 | F14: 50397 | G14: 1041 | H14: 0.001 | I14: 7365 | J14: 0.090 | K14: 1980 | L14: 5089 | M14: 2201 | N14: 0.995 | O14: 0.300 | P14: 0.021 | Q14: 0.001 | R14: 0.146 | S14: 0.017 | T14: 0.016 | U14: 0.012 | V14: 0.038 | W14: 0.005 | X14: 0 | Y14: 0.001
E15: 2 | F15: 47933 | G15: 1112 | H15: 12705 | I15: 7331 | J15: 0.111 | K15: 2303 | L15: 5228 | M15: 3831 | N15: 0.992 | O15: 0.215 | P15: 0.067 | Q15: 0.001 | R15: 0.147 | S15: 0.018 | T15: 0.016 | U15: 0.016 | V15: 0.073 | W15: 0.003 | X15: 0 | Y15: 0.001
A16: 7 | B16: 3 | C16: Bellingshausen Dome | D16: BH2.3 | E16: 1 | F16: 56625 | G16: 0.704 | H16: 14905 | I16: 3020 | J16: 0.127 | K16: 0.768 | L16: 2154 | M16: 5745 | N16: 2587 | O16: 0.173 | P16: 0.061 | Q16: 0 | R16: 0.148 | S16: 0.011 | T16: 0.022 | U16: 0.022 | V16: 0.033 | W16: 0.010 | X16: 0 | Y16: 0.001
E17: 2 | F17: 50732 | G17: 0.733 | H17: 14917 | I17: 3018 | J17: 0.134 | K17: 0.867 | L17: 2229 | M17: 5567 | N17: 3027 | O17: 0.168 | P17: 0.067 | Q17: 0 | R17: 0.148 | S17: 0.011 | T17: 0.021 | U17: 0.022 | V17: 0.034 | W17: 0.010 | X17: 0 | Y17: 0.001
A18: 8 | B18: 4 | C18: Bellingshausen Dome | D18: BH2.4 | E18: 1 | F18: 69934 | G18: 0.238 | H18: 8802 | I18: 4262 | J18: 0.050 | K18: 0.793 | L18: 1020 | M18: 2780 | N18: 2083 | O18: 0.003 | P18: 0.051 | Q18: 0.000 | R18: 0.146 | S18: 0.004 | T18: 0.019 | U18: 0.019 | V18: 0.019 | W18: 0.010 | X18: 0 | Y18: 0.001
E19: 2 | F19: 15443 | G19: 0.065 | H19: 2787 | I19: 0.562 | J19: 0.126 | K19: 1331 | L19: 52487 | M19: 0.491 | N19: 0 | O19: 0.034 | P19: 0.001 | Q19: 0.002 | R19: 0.146 | S19: 0.001 | T19: 0.008 | U19: 0.007 | V19: 0.010 | W19: 0.001 | X19: 0 | Y19: 0.001
A20: 9 | B20: 1 | C20: Marian Cove | D20: MC.1.1 | E20: 1 | F20: 48429 | G20: 0.364 | H20: 13595 | I20: 3954 | J20: 0.120 | K20: 1869 | L20: 2976 | M20: 4108 | N20: 1387 | O20: 0.142 | P20: 0.041 | Q20: 0.000 | R20: 0.133 | S20: 0.006 | T20: 0.028 | U20: 0.019 | V20: 0.048 | W20: 0.007 | X20: 0 | Y20: 0.001
E21: 2 | F21: 35449 | G21: 0.689 | H21: 9930 | I21: 5498 | J21: 0.122 | K21: 3970 | L21: 6130 | M21: 2502 | N21: 0 | O21: 0.136 | P21: 0 | Q21: 0.000 | R21: 0.147 | S21: 0.011 | T21: 0.020 | U21: 0.011 | V21: 0.056 | W21: 0.002 | X21: 0 | Y21: 0.001
A22: 10 | B22: 2 | C22: Marian Cove | D22: MC.1.2 | E22: 1 | F22: 40825 | G22: 0.832 | H22: 15957 | I22: 7839 | J22: 0.182 | K22: 3301 | L22: 5437 | M22: 1148 | N22: 2782 | O22: 0.222 | P22: 0.053 | Q22: 0.002 | R22: 0.147 | S22: 0.014 | T22: 0.022 | U22: 0.012 | V22: 0.011 | W22: 0.008 | X22: 0 | Y22: 0.001
E23: 2 | F23: 42033 | G23: 1125 | H23: 15258 | I23: 8400 | J23: 0.226 | K23: 3351 | L23: 3536 | M23: 2050 | N23: 1852 | O23: 0.300 | P23: 0.032 | Q23: 0.004 | R23: 0.143 | S23: 0.019 | T23: 0.022 | U23: 0.014 | V23: 0.014 | W23: 0.006 | X23: 0 | Y23: 0.001
A24: 11 | B24: 3 | C24: Marian Cove | D24: MC.1.3 | E24: 1 | F24: 59839 | G24: 0.228 | H24: 15411 | I24: 2143 | J24: 0.112 | K24: 1213 | L24: 1711 | M24: 3748 | N24: 2123 | O24: 0.028 | P24: 0.029 | Q24: 0 | R24: 0.144 | S24: 0.004 | T24: 0.026 | U24: 0.020 | V24: 0.044 | W24: 0.012 | X24: 0 | Y24: 0.001
E25: 2 | F25: 61245 | G25: 0.317 | H25: 16948 | I25: 1845 | J25: 0.039 | K25: 0.804 | L25: 0.241 | M25: 2209 | N25: 3370 | O25: 0.048 | P25: 0.038 | Q25: 0 | R25: 0.145 | S25: 0.005 | T25: 0.015 | U25: 0.019 | V25: 0.014 | W25: 0.016 | X25: 0 | Y25: 0.001
A26: 12 | B26: 4 | C26: Marian Cove | D26: MC.1.4 | E26: 1 | F26: 44698 | G26: 0.808 | H26: 13745 | I26: 5637 | J26: 0.132 | K26: 6471 | L26: 5306 | M26: 2638 | N26: 0.383 | O26: 0.227 | P26: 0.015 | Q26: 0.002 | R26: 0 | S26: 0.013 | T26: 0.029 | U26: 0.016 | V26: 0.040 | W26: 0.003 | X26: 0 | Y26: 0.001
E27: 2 | F27: 50716 | G27: 0.631 | H27: 12748 | I27: 6090 | J27: 0.139 | K27: 4759 | L27: 3563 | M27: 3622 | N27: 0.009 | O27: 0.253 | P27: 0.009 | Q27: 0.002 | R27: 0 | S27: 0.011 | T27: 0.038 | U27: 0.014 | V27: 0.034 | W27: 0.002 | X27: 0 | Y27: 0.001
A28: 13 | B28: 1 | C28: Barton Peninsula | D28: BP1.1 | E28: 1 | F28: 51159 | G28: 0.820 | H28: 15788 | I28: 5722 | J28: 0.049 | K28: 1055 | L28: 1507 | M28: 3259 | N28: 1182 | O28: 0.268 | P28: 0.042 | Q28: 0.002 | R28: 0 | S28: 0.014 | T28: 0.027 | U28: 0.016 | V28: 0.019 | W28: 0.004 | X28: 0 | Y28: 0.001
E29: 2 | F29: 41314 | G29: 0.964 | H29: 16924 | I29: 5181 | J29: 0.165 | K29: 10830 | L29: 0.209 | M29: 0.109 | N29: 2361 | O29: 0.107 | P29: 0.034 | Q29: 0.002 | R29: 0 | S29: 0.016 | T29: 0.029 | U29: 0.018 | V29: 0.006 | W29: 0.009 | X29: 0 | Y29: 0.001
A30: 14 | B30: 2 | C30: Barton Peninsula | D30: BP1.2 | E30: 1 | F30: 47948 | G30: 0.626 | H30: 18770 | I30: 3695 | J30: 0.106 | K30: 7036 | L30: 0.247 | M30: 0.279 | N30: 3037 | O30: 0.330 | P30: 0.048 | Q30: 0.000 | R30: 0 | S30: 0.010 | T30: 0.016 | U30: 0.015 | V30: 0.008 | W30: 0.010 | X30: 0 | Y30: 0.001
E31: 2 | F31: 68074 | G31: 0.555 | H31: 16066 | I31: 3566 | J31: 0.024 | K31: 0.132 | L31: 0.171 | M31: 0.053 | N31: 0 | O31: 0.075 | P31: 0.007 | Q31: 0.000 | R31: 0 | S31: 0.008 | T31: 0.014 | U31: 0.028 | V31: 0.021 | W31: 0.003 | X31: 0 | Y31: 0.001
A32: 15 | B32: 3 | C32: Barton Peninsula | D32: BP1.3 | E32: 1 | F32: 42676 | G32: 1041 | H32: 19915 | I32: 4699 | J32: 0.045 | K32: 5699 | L32: 0.259 | M32: 3249 | N32: 0.864 | O32: 0.107 | P32: 0.028 | Q32: 0.003 | R32: 0.143 | S32: 0.015 | T32: 0.024 | U32: 0.014 | V32: 0.036 | W32: 0.005 | X32: 0 | Y32: 0.001
E33: 2 | F33: 40345 | G33: 0.923 | H33: 13200 | I33: 4438 | J33: 0.193 | K33: 1323 | L33: 8831 | M33: 3249 | N33: 2506 | O33: 0.297 | P33: 0.087 | Q33: 0.000 | R33: 0.143 | S33: 0.015 | T33: 0.024 | U33: 0.014 | V33: 0.036 | W33: 0.005 | X33: 0 | Y33: 0.001
A34: 16 | B34: 4 | C34: Barton Peninsula | D34: BP1.4 | E34: 1 | F34: 65010 | G34: 0.714 | H34: 14016 | I34: 2137 | J34: 0.036 | K34: 0.354 | L34: 0.400 | M34: 4352 | N34: 2376 | O34: 0.053 | P34: 0.065 | Q34: 0 | R34: 0.137 | S34: 0.011 | T34: 0.031 | U34: 0.032 | V34: 0.020 | W34: 0.010 | X34: 0 | Y34: 0.001
E35: 2 | F35: 60967 | G35: 0.690 | H35: 13874 | I35: 3475 | J35: 0.041 | K35: 0.172 | L35: 0.430 | M35: 4373 | N35: 4225 | O35: 0.143 | P35: 0.071 | Q35: 0 | R35: 0 | S35: 0.010 | T35: 0.031 | U35: 0.027 | V35: 0.018 | W35: 0.011 | X35: 0 | Y35: 0.001
A36: 17 | B36: 1 | C36: Barton Peninsula | D36: BP2.1 | E36: 1 | F36: 60385 | G36: 0.494 | H36: 16964 | I36: 1241 | J36: 0.036 | K36: 0.385 | L36: 0.173 | M36: 4735 | N36: 4068 | O36: 0.004 | P36: 0.101 | Q36: 0 | R36: 0 | S36: 0.008 | T36: 0.031 | U36: 0.040 | V36: 0.018 | W36: 0.013 | X36: 0 | Y36: 0.001
E37: 2 | F37: 59635 | G37: 0.467 | H37: 15010 | I37: 2620 | J37: 0.032 | K37: 0.371 | L37: 0.193 | M37: 4045 | N37: 3304 | O37: 0.001 | P37: 0.127 | Q37: 0 | R37: 0 | S37: 0.008 | T37: 0.016 | U37: 0.029 | V37: 0.014 | W37: 0.011 | X37: 0 | Y37: 0.001
A38: 18 | B38: 2 | C38: Barton Peninsula | D38: BP2.2 | E38: 1 | F38: 43368 | G38: 1076 | H38: 17149 | I38: 8058 | J38: 0.182 | K38: 5074 | L38: 1296 | M38: 1012 | N38: 2941 | O38: 0.220 | P38: 0.050 | Q38: 0 | R38: 0.138 | S38: 0.017 | T38: 0.026 | U38: 0.016 | V38: 0.014 | W38: 0.007 | X38: 0 | Y38: 0.001
E39: 2 | F39: 59592 | G39: 0.446 | H39: 12268 | I39: 3850 | J39: 0.033 | K39: 0.138 | L39: 0.194 | M39: 3366 | N39: 4035 | O39: 0.014 | P39: 0.144 | Q39: 0 | R39: 0 | S39: 0.007 | T39: 0.017 | U39: 0.030 | V39: 0.018 | W39: 0.009 | X39: 0 | Y39: 0.001
A40: 19 | B40: 3 | C40: Barton Peninsula | D40: BP2.3 | E40: 1 | F40: 57307 | G40: 0.276 | H40: 8155 | I40: 3233 | J40: 0.104 | K40: 2900 | L40: 8806 | M40: 0.640 | N40: 1424 | O40: 0.115 | P40: 0.064 | Q40: 0 | R40: 0 | S40: 0.005 | T40: 0.020 | U40: 0.010 | V40: 0.018 | W40: 0.005 | X40: 0 | Y40: 0.001
E41: 2 | F41: 54844 | G41: 0.825 | H41: 11576 | I41: 5627 | J41: 0.094 | K41: 1071 | L41: 4494 | M41: 4050 | N41: 0.497 | O41: 0.201 | P41: 0.014 | Q41: 0.000 | R41: 0 | S41: 0.013 | T41: 0.017 | U41: 0.014 | V41: 0.039 | W41: 0.004 | X41: 0 | Y41: 0.001
A42: 20 | B42: 4 | C42: Barton Peninsula | D42: BP2.4 | E42: 1 | F42: 42600 | G42: 0.973 | H42: 17122 | I42: 5767 | J42: 0.143 | K42: 6223 | L42: 4551 | M42: 5204 | N42: 0.345 | O42: 0.399 | P42: 0.133 | Q42: 0.001 | R42: 0.023 | S42: 0.016 | T42: 0.035 | U42: 0.016 | V42: 0.060 | W42: 0.003 | X42: 0 | Y42: 0.001
E43: 2 | F43: 39710 | G43: 0.911 | H43: 14530 | I43: 6076 | J43: 0.148 | K43: 4883 | L43: 5761 | M43: 3084 | N43: 0.120 | O43: 0.246 | P43: 0.005 | Q43: 0.001 | R43: 0 | S43: 0.015 | T43: 0.021 | U43: 0.015 | V43: 0.045 | W43: 0.002 | X43: 0 | Y43: 0.001
A44: 21 | B44: 1 | C44: Barton Peninsula | D44: BP3.1 | E44: 1 | F44: 68647 | G44: 0.274 | H44: 11517 | I44: 1376 | J44: 0.031 | K44: 0.365 | L44: 0.657 | M44: 3934 | N44: 1938 | O44: 0.072 | P44: 0.121 | Q44: 0 | R44: 0 | S44: 0.005 | T44: 0.012 | U44: 0.036 | V44: 0.020 | W44: 0.009 | X44: 0 | Y44: 0.001
E45: 2 | F45: 68575 | G45: 0.325 | H45: 14529 | I45: 1765 | J45: 0.034 | K45: 0.309 | L45: 0.434 | M45: 2927 | N45: 3157 | O45: 0.034 | P45: 0.126 | Q45: 0 | R45: 0 | S45: 0.006 | T45: 0.035 | U45: 0.034 | V45: 0.016 | W45: 0.011 | X45: 0 | Y45: 0.001
A46: 22 | B46: 2 | C46: Barton Peninsula | D46: BP3.2 | E46: 1 | F46: 34641 | G46: 0.690 | H46: 17926 | I46: 8370 | J46: 0.134 | K46: 9729 | L46: 4043 | M46: 1487 | N46: 0.612 | O46: 0.217 | P46: 0.025 | Q46: 0.004 | R46: 0 | S46: 0.012 | T46: 0.027 | U46: 0.011 | V46: 0.029 | W46: 0.003 | X46: 0 | Y46: 0.001
E47: 2 | F47: 41100 | G47: 0.519 | H47: 19131 | I47: 6571 | J47: 0.160 | K47: 3907 | L47: 1693 | M47: 0.731 | N47: 0.030 | O47: 0.095 | P47: 0.011 | Q47: 0.002 | R47: 0 | S47: 0.010 | T47: 0.036 | U47: 0.009 | V47: 0.016 | W47: 0.003 | X47: 0 | Y47: 0.001
A48: 23 | B48: 3 | C48: Barton Peninsula | D48: BP3.3 | E48: 1 | F48: 45310 | G48: 0.800 | H48: 17764 | I48: 7297 | J48: 0.167 | K48: 6778 | L48: 2258 | M48: 1313 | N48: 1360 | O48: 0.214 | P48: 0.046 | Q48: 0.003 | R48: 0 | S48: 0.013 | T48: 0.028 | U48: 0.014 | V48: 0.030 | W48: 0.006 | X48: 0 | Y48: 0.001
E49: 2 | F49: 58690 | G49: 0.624 | H49: 15555 | I49: 3880 | J49: 0.124 | K49: 2130 | L49: 0.226 | M49: 0.347 | N49: 2916 | O49: 0.277 | P49: 0.057 | Q49: 0.000 | R49: 0 | S49: 0.010 | T49: 0.020 | U49: 0.023 | V49: 0.008 | W49: 0.010 | X49: 0 | Y49: 0.001
A50: 24 | B50: 4 | C50: Barton Peninsula | D50: BP3.4 | E50: 1 | F50: 46893 | G50: 1484 | H50: 15390 | I50: 6214 | J50: 0.215 | K50: 3997 | L50: 2650 | M50: 6944 | N50: 0.060 | O50: 0.489 | P50: 0.020 | Q50: 0 | R50: 0.148 | S50: 0.023 | T50: 0.026 | U50: 0.022 | V50: 0.048 | W50: 0.003 | X50: 0 | Y50: 0.001
E51: 2 | F51: 50669 | G51: 0.899 | H51: 14040 | I51: 4984 | J51: 0.128 | K51: 2859 | L51: 4183 | M51: 3442 | N51: 1754 | O51: 0.353 | P51: 0.058 | Q51: 0 | R51: 0.147 | S51: 0.014 | T51: 0.019 | U51: 0.022 | V51: 0.029 | W51: 0.005 | X51: 0 | Y51: 0.001
A52: 25 | B52: 1 | C52: Potter Peninsula | D52: PP1.1 | E52: 1 | F52: 56970 | G52: 0.525 | H52: 13471 | I52: 3496 | J52: 0.14 | K52: 1903 | L52: 1391 | M52: 5921 | N52: 0.142 | O52: 0.154 | P52: 0.055 | Q52: 0 | R52: 0.148 | S52: 0.008 | T52: 0.026 | U52: 0.023 | V52: 0.040 | W52: 0.005 | X52: 0 | Y52: 0.001
E53: 2 | F53: 34383 | G53: 0.380 | H53: 19387 | I53: 4031 | J53: 0.098 | K53: 4450 | L53: 11835 | M53: 1896 | N53: 0.086 | O53: 0.082 | P53: 0.024 | Q53: 0.002 | R53: 0.142 | S53: 0.007 | T53: 0.017 | U53: 0.011 | V53: 0.069 | W53: 0.003 | X53: 0 | Y53: 0.002
A54: 26 | B54: 2 | C54: Potter Peninsula | D54: PP1.2 | E54: 1 | F54: 42049 | G54: 1121 | H54: 13058 | I54: 6486 | J54: 0.173 | K54: 3257 | L54: 5916 | M54: 1582 | O54: 0.335 | P54: 0.018 | Q54: 0.001 | R54: 0.145 | S54: 0.017 | T54: 0.017 | U54: 0.015 | V54: 0.018 | W54: 0.003 | X54: 0 | Y54: 0.003
E55: 2 | F55: 39409 | G55: 1071 | H55: 12270 | I55: 6314 | J55: 0.168 | K55: 3143 | L55: 5650 | M55: 1572 | N55: 0.489 | O55: 0.314 | P55: 0.018 | Q55: 0.001 | R55: 0.145 | S55: 0.016 | T55: 0.017 | U55: 0.014 | V55: 0.018 | W55: 0.004 | X55: 0 | Y55: 0.004
A56: 27 | B56: 3 | C56: Potter Peninsula | D56: PP1.3 | E56: 1 | F56: 54907 | G56: 0.613 | H56: 14670 | I56: 4534 | J56: 0.165 | K56: 0.754 | L56: 1559 | M56: 5482 | N56: 1994 | O56: 0.069 | P56: 0.042 | Q56: 0 | R56: 0.148 | S56: 0.009 | T56: 0.027 | U56: 0.022 | V56: 0.012 | W56: 0.007 | X56: 0 | Y56: 0.005
E57: 2 | F57: 44407 | G57: 0.671 | H57: 15038 | I57: 4923 | J57: 0.131 | K57: 3667 | L57: 5984 | M57: 2315 | N57: 1942 | O57: 0.215 | P57: 0.044 | Q57: 0.001 | R57: 0.146 | S57: 0.011 | T57: 0.013 | U57: 0.017 | V57: 0.059 | W57: 0.006 | X57: 0 | Y57: 0.001
A58: 28 | B58: 4 | C58: Potter Peninsula | D58: PP1.4 | E58: 1
E59: 2

Sheet Cepario muestras de suelo
A1: Numero | B1: Nº en cronosecuencia | C1: Nombre ubicación | D1: Codigo | E1: Codigo de muestra | F1: Cod. Hallazgo | G1: Forma | H1: Gram | I1: Observaciones | J1: Espora visibles | K1: notas extra | L1: Oxidante de Mn
A2: 1 | B2: 1 | C2: Bellingshausen Dome | D2: BH1.1 | E2: 12.1 | F2: 12.1.1 | G2: Bacilo | H2: positivo | I2: Bacilos anchos, algunos de forma irregular | J2: no | L2: si
F3: 12.1.2 | G3: Bacilo | H3: positivo | I3: Bacilos delgados con crecimiento doble | J3: no | L3: si
E4: 12.2 | F4: 12.2.1 | G4: Bacilo | H4: positivo | I4: Bacilos de crecimiento doble | J4: no | L4: si
F5: 12.2.2 | G5: Bacilo corto | H5: positivo | I5: Bacilos de crecimiento doble | J5: no | L5: si
E6: 12.3 | F6: 12.3.1 | G6: Coco o bacilo corto | H6: positivo | I6: Posible streptococo (+de 5 cocos juntos) o streptobacilo | J6: no | L6: si
F7: 12.3.2 | G7: Bacilos cortos | H7: positivo | I7: Crecimiento doble sin esporas visibles | J7: no | L7: si
F8: 12.3.3 | G8: Bacilo largo | H8: positivo | I8: forma irregular no recto | J8: no | L8: si
E9: 12.4 | F9: 12.4.1 | G9: Bacilo corto | H9: positivo | I9: multiesporada probable, esporas distales y proximales | J9: si | L9: si
F10: 12.4.2 | G10: Posible streptococo | H10: positivo | I10: Posible streptococo y/o bacilo largo no recto | J10: no | K10: revisar | L10: si
A11: 2 | B11: 2 | C11: Bellingshausen Dome | D11: BH1.2 | E11: 13.1 | F11: 13.1.1 | G11: Bacilo "grande" | H11: positivo | I11: Esporas distales crecimiento doble | J11: si | L11: si
F12: 13.1.2 | G12: Bacilo "pequeño" | H12: negativo | I12: Bacilo delgado crecimiento doble | J12: no | L12: si
F13: 13.1.3 | G13: Bacilo "pequeño" | H13: negativo | I13: Bacilo ancho con posibles esporas distales | J13: si | L13: si
E14: 13.2 | F14: 13.2.1 | G14: Bacilo | H14: positivo | I14: bacilo con espora distal de creciemineto doble( multiesporada) | J14: si | L14: si
F15: 13.2.2 | G15: Bacilo largo | H15: positivo | I15: Bacilo con crecimiento doble | J15: no | L15: si
E16: 13.3 | F16: 13.3.1 | G16: Bacilo | H16: positivo | I16: multiesporada probable, esporas distales y proximales | J16: si | K16: parecidos | L16: si
E17: 13.4 | F17: 13.4.1 | G17: Bacilo corto | H17: positivo | I17: Bacilo corto multiesporado pobable, esporas distales | J17: si | L17: si
A18: 3 | B18: 3 | C18: Bellingshausen Dome | D18: BH1.3 | E18: 14.1 | F18: 14.1.1 | G18: Bacilo corto | H18: positivo | I18: Bacilo de creciento doble con esporas distales | J18: si | L18: si
E19: 14.2 | F19: 14.2.1 | G19: Bacilo corto | H19: positivo | I19: multiesporada probable, esporas distales y proximales | J19: si | K19: revisar | L19: si
E20: 14.3 | F20: 14.3.1 | G20: Bacilo "grande" | H20: positivo | I20: Esporas distales crecimiento doble, posible streptobacilo | J20: si | L20: si
F21: 14.3.2 | G21: Bacilo "pequeño" | H21: negativo | I21: multiesporada probable, esporas distales y de crecimiento doble | J21: si | L21: si
E22: 14.4 | F22: 14.4.1 | G22: Bacilo corto | H22: positivo | I22: Crecimiento doble sin esporas visibles | J22: no | L22: si
A23: 4 | B23: 4 | C23: Bellingshausen Dome | D23: BH1.4 | E23: 15.1 | F23: 15.1.1 | G23: Bacilo | H23: positivo | I23: multuesporas pobable, espora distal y creciemiento doble | J23: si | L23: si
F24: 15.1.2 | G24: Bacilo | H24: negativo | I24: bacilo ultrapequeño, posibles restos de filamentos | J24: no | K24: revisar | L24: si
E25: 15.2 | F25: 15.2.1 | G25: Bacilo | H25: positivo | I25: crecimiento doble esporas distales yproximales | J25: si | K25: revisar | L25: si
E26: 15.3 | F26: 15.3.1 | G26: Bacilos cortos | H26: positivo | I26: Multiesporas probable, crecimiento doble, esporas distales | J26: si | L26: si
F27: 15.3.2 | G27: Bacilos cortos | H27: positivo | I27: similar a bacteria enteris pero con punta mas delgada | J27: no | L27: si
E28: 15.4 | F28: 15.4.1 | G28: Bacilos cortos | H28: positivo | I28: Multiesporas probable, esporas distales y proximales | J28: si | L28: si
A29: 5 | B29: 1 | C29: Bellingshausen Dome | D29: BH2.1 | E29: 22.1 | F29: 22.1.1 | G29: Bacilos cortos | H29: positivo | I29: Similitud a | J29: no | L29: si
E30: 22.2 | F30: 22.2.1 | G30: Cocos | H30: positivo | I30: Posible estreptococo | K30: revisar | L30: si
F31: 22.2.2 | G31: Bacilos cortos | H31: positivo | I31: Esporas distales y proximales | J31: si | L31: si
E32: 22.3 | F32: 22.3.1 | G32: Bacilo largo | H32: positivo | I32: Bacilo largo no recto, posible doble crecimiento | J32: no | L32: si
F33: 22.3.2 | G33: Bacilo | H33: positivo | I33: Bacilo de crecimiento doble, con punta un poco ancha | J33: no | L33: si
F34: 22.3.3 | G34: Bacilo | H34: positivo | I34: Baja coloración con esporas proximales | J34: si | L34: si
E35: 22.4 | F35: 22.4.1 | G35: Bacilo largo | H35: negativo | I35: Bacilo largo no recto | J35: no | L35: si
F36: 22.4.2 | G36: Bacilo corto | H36: positivo | I36: Bacilo corto, crecimiento doble | J36: no | L36: si
A37: 6 | B37: 2 | C37: Bellingshausen Dome | D37: BH2.2 | E37: 23.1 | F37: 23.1.1 | G37: Bacilo corto | H37: positivo | I37: Esporas proximales, crecimiento doble | J37: si | L37: si
F38: 23.1.2 | G38: Bacilo | H38: positivo | I38: Mayor coloración en la tinción, posible crecimiento doble | J38: no | K38: revisar | L38: si
E39: 23.2 | F39: 23.2.1 | G39: Bacilo corto | H39: positivo | I39: Bacilo de crecimiento doble | J39: no | L39: si
E40: 23.3 | F40: 23.3.1 | G40: Bacilo | H40: positivo | I40: Bacilo de crecimiento doble | J40: no | K40: similar a 22.3 | L40: si
F41: 23.3.2 | G41: Bacilo (pequeño) | H41: positivo | I41: Esporas proximales, posible crecimiento doble | J41: si | L41: si
A42: 7 | B42: 3 | C42: Bellingshausen Dome | D42: BH2.3 | E42: 23.4 | F42: 23.4.1 | G42: Bacilo | H42: negativo | I42: Bacilo de crecimiento doble con posible capsula | J42: no | L42: si
F43: 23.4.2 | G43: Cocos | H43: positivo | I43: Posibles cocos o manchas de tinta | J43: no | L43: si
E44: 24.1 | F44: 24.1.1 | G44: Bacilo | H44: positivo | I44: Doble crecimiento | J44: no | K44: similar 15.1 | L44: si
F45: 24.1.2 | G45: Bacilo (pequeño) | H45: negativo | I45: Doble crecimiento | J45: no | L45: si
F46: 24.1.3 | G46: Bacilo largo | H46: positivo | I46: Bacilo largo no recto. Posible estreptobacilo | J46: no | L46: si
E47: 24.2 | F47: 24.2.1 | G47: Bacilo corto | H47: negativo | I47: Probable multiesporado con esporas proximales | J47: si | L47: si
F48: 24.2.2 | G48: Bacilo largo | H48: negativo | I48: Bacilo largo no recto probable | J48: no | K48: revisar | L48: si
E49: 24.3 | F49: 24.3.1 | G49: Bacilo largo | H49: positivo | I49: Bacilo largo, delgado, no recto | J49: no | L49: si
F50: 24.3.2 | G50: Bacilo | H50: positivo | I50: Bacilo grande, posible doble crecimiento | J50: no | L50: si
F51: 24.3.3 | G51: Bacilo | H51: negativo | I51: Esporas proximales, posible multiesporado | J51: si | L51: si
E52: 24.4 | F52: 24.4.1 | G52: Bacilo | H52: positivo | I52: Doble crecimiento | J52: no | L52: si
F53: 24.4.2 | G53: Bacilo (pequeño) | H53: negativo | I53: Crecimiento irregular | J53: no | K53: revisar | L53: si
A54: 8 | B54: 4 | C54: Bellingshausen Dome | D54: BH2.4 | E54: 25.1 | F54: 25.1.1 | G54: Bacilo corto | H54: positivo | I54: Bacilo corto, similar a coco bacilo | J54: no | L54: si
E55: 25.2 | F55: 25.2.1 | G55: Bacilo corto | H55: positivo | I55: Bacilo de creciemiento independiente | J55: no | L55: si
F56: 25.2.2 | G56: Bacilo largo | H56: positivo | I56: Bacilo largo, extremos gruesos | J56: no | L56: si
E57: 25.3 | F57: 25.3.1 | G57: Bacilo largo | H57: negativo | I57: No recto, posible crecimiento doble, delgado | J57: no | L57: si
F58: 25.3.2 | G58: Coco | H58: positivo | I58: Posibles manchas de la tinción | L58: si
E59: 25.4 | F59: 25.4.1 | G59: Bacilo corto | H59: negativo | I59: Posible cocobacilo, creciemiento doble | J59: no | L59: si
F60: 25.4.2 | G60: Bacilo | H60: positivo | I60: Crecimiento doble, alargado | J60: no | L60: si
E61: 25.5 | F61: 25.5.1 | G61: Bacilo corto | H61: negativo | I61: Posible cocobacilo, creciemiento doble | J61: no | L61: si

Sheet Resumen_figuras
A1: Resumen para figuras y posters
A2: Nota | B2: Valores resumen calculados sobre Base_integrada_sim. Índices y variables simuladas deben reemplazarse por mediciones reales antes de publicación.
A3: Sitio | B3: n | C3: pH suelo | D3: C g/kg | E3: N g/kg | F3: P Olsen mg/kg | G3: Fe2O3 % | H3: P2O5 % | I3: CIA % | J3: H2O2 umol kg-1 h-1 | K3: OH nmol g-1 h-1 | L3: ROS index | M3: Ornitho index | N3: Soil dev index | O3: Prioridad paper | P3: Lectura rápida
A4: Bellingshausen Dome | B4: 8 | C4: 7.68 | D4: 2.76 | E4: 0.19 | F4: 57.1 | G4: 7.96 | H4: 0.2 | I4: 52.6 | J4: 1.56 | K4: 2.28 | L4: 34.5 | M4: 36.5 | N4: 22.9 | O4: 2.1 | P4: Domo/morrena periglacial; mineral fresco; baja a moderada colonización
A5: Marian Cove | B5: 4 | C5: 7.48 | D5: 3.68 | E5: 0.24 | F5: 13 | G5: 9.36 | H5: 0.285 | I5: 68.3 | J5: 1.67 | K5: 2.28 | L5: 38.3 | M5: 21.3 | N5: 40.1 | O5: 2.1 | P5: Gradiente de deglaciación reciente en Maxwell Bay; acumulación temprana de C y N
A6: Barton Peninsula | B6: 12 | C6: 6.53 | D6: 3.69 | E6: 0.18 | F6: 70.7 | G6: 7.51 | H6: 0.267 | I6: 60.8 | J6: 1.63 | K6: 2.69 | L6: 35.8 | M6: 54.5 | N6: 41.3 | O6: 2.6 | P6: Península con gradiente costero-morrena-afloramiento; sectores ornithogénicos y piritosos
A7: Potter Peninsula | B7: 4 | C7: 8.5 | D7: 1.21 | E7: 0.02 | F7: 10.1 | G7: 8.17 | H7: 0.249 | I7: 48.9 | J7: 1.56 | K7: 1.91 | L7: 28.8 | M7: 37.2 | N7: 17.7 | O7: 1.7 | P7: Paisaje glacial costero; influencia de spray marino y lagunas/morrenas
A8: Glaciar Nelson | B8: 4 | C8: 7.87 | D8: 2.89 | E8: 0.24 | F8: 19 | G8: 8.93 | H8: 0.072 | I8: 53.5 | J8: 1.55 | K8: 2.15 | L8: 34.4 | M8: 16.9 | N8: 16.4 | O8: 1.6 | P8: Frente/glaciar y llanura proglacial; baja cobertura biológica esperada
A10: Panel sugerido | B10: Mensaje central | C10: Variables | D10: Sitios | E10: Tipo de gráfico
A11: Figura 1 | B11: Diseño espacial y gradientes | C11: Lat/Lon sim, microhábitat, distancia glaciar/costa | D11: Todos | E11: Mapa + símbolos
A12: Figura 2 | B12: Química mineral separa sitios | C12: SiO2, Fe2O3, TiO2, P2O5, CIA | D12: Todos | E12: PCA/ternario
A13: Figura 3 | B13: Desarrollo de suelo post-deglaciación | C13: C, N, C:N, pH, FTIR orgánico | D13: MC, GN, BH | E13: Gradiente punto 1→4
A14: Figura 4 | B14: Hotspots redox/ROS | C14: FeII/Fed, Mn oxide, H2O2, OH | D14: BH, BP, GN | E14: Scatter + regresión
A15: Figura 5 | B15: Señal ornithogénica | C15: P Olsen, P2O5, δ15N, NH4/NO3 | D15: BP, PP | E15: Boxplot/violin
A16: Figura 6 | B16: Microbiología cultivable y Mn | C16: Aislados, Gram, esporas, oxidantes Mn | D16: BH real; otros sim | E16: Barras apiladas + Mn oxide

Sheet Base_integrada
A1: Codigo | B1: Sitio | C1: Transecto | D1: Punto | E1: Lat_sim | F1: Lon_sim | G1: Landform | H1: Microhabitat | I1: Etapa_deglaciacion | J1: Dist_glaciar_m | K1: Dist_costa_m | L1: Cobertura_vegetal_pct | M1: Influencia_ornitogenica_0_5 | N1: Humedad_clase | O1: Material_parental | P1: Minerales_XRD_dominantes | Q1: Minerales_redox_clave | R1: pH_suelo | S1: pH_agua | T1: CE_suelo_uScm | U1: CE_agua_uScm | V1: ORP_agua_mV | W1: OD_agua_mgL | X1: C_total_gkg | Y1: N_total_gkg | Z1: CN | AA1: d13C_permille | AB1: d15N_permille | AC1: NH4_mgkg | AD1: NO3_mgkg | AE1: P_Olsen_mgkg | AF1: SiO2_pct | AG1: TiO2_pct | AH1: Al2O3_pct | AI1: Fe2O3_pct | AJ1: MnO_pct | AK1: CaO_pct | AL1: Na2O_pct | AM1: K2O_pct | AN1: P2O5_pct | AO1: CIA_molar_pct | AP1: Fe_dithionite_gkg | AQ1: Fe_oxalate_gkg | AR1: Fe_pyro_gkg | AS1: FeII_gkg | AT1: Feo_Fed_ratio | AU1: FeII_Fed_ratio | AV1: Mn_oxide_gkg | AW1: H2O2_umol_kg_h | AX1: OH_nmol_g_h | AY1: FTIR_clay_index | AZ1: FTIR_phosphate_index | BA1: FTIR_carbonate_index | BB1: FTIR_organic_index | BC1: Aislados_n | BD1: Gram_positivo_pct | BE1: Esporas_pct | BF1: Oxidantes_Mn_pct | BG1: ROS_index | BH1: Ornitho_index | BI1: Soil_dev_index | BJ1: Prioridad_paper_1_5 | BK1: Angulo_paper_poster
A2: BH1.1 | B2: Bellingshausen Dome | C2: 1 | D2: 1 | E2: -62.19638 | F2: -58.958013 | G2: Domo glaciar / cresta | H2: Matriz mineral expuesta | I2: Reciente | J2: 337 | K2: 395 | L2: 7.1 | M2: 0.8 | N2: Seco-mineral | O2: Till volcánico basaltico-andesítico; plagioclasa, piroxeno, magnetita/zeolitas | P2: anorthite, zeolite, magnetite, hedenbergite | Q2: magnetite | R2: 7.859 | S2: 7.22 | T2: 120.6 | U2: 77 | V2: 256.6 | W2: 11.48 | X2: 1.803 | Y2: 0.127 | Z2: 14.38 | AA2: -26.37 | AB2: 0.91 | AC2: 7.65 | AD2: 9.45 | AE2: 94.49 | AF2: 50.962 | AG2: 0.744 | AH2: 21.297 | AI2: 7.383 | AJ2: 0.149 | AK2: 9.788 | AL2: 1.493 | AM2: 0.119 | AN2: 0.091 | AO2: =IFERROR(100*(AH2/101.96)/((AH2/101.96)+(AK2/56.08)+(AL2/61.98)+(AM2/94.2)),"") -> 51.099408 | AP2: 45.97 | AQ2: 16.34 | AR2: 3.61 | AS2: 1.214 | AT2: =IFERROR(AQ2/AP2,"") -> 0.35544921 | AU2: =IFERROR(AS2/AP2,"") -> 0.026408527 | AV2: 0.453 | AW2: 1 | AX2: 1.53 | AY2: 0.709 | AZ2: 0.494 | BA2: 0.26 | BB2: 0.122 | BC2: 9 | BD2: 100 | BE2: 11.1 | BF2: 100 | BG2: =IFERROR(ROUND(100*(0.35*((AW2-MIN($AW$2:$AW$33))/(MAX($AW$2:$AW$33)-MIN($AW$2:$AW$33)))+0.3*((AX2-MIN($AX$2:$AX$33))/(MAX($AX$2:$AX$33)-MIN($AX$2:$AX$33)))+0.2*((AS2-MIN($AS$2:$AS$33))/(MAX($AS$2:$AS$33)-MIN($AS$2:$AS$33)))+0.15*((AV2-MIN($AV$2:$AV$33))/(MAX($AV$2:$AV$33)-MIN($AV$2:$AV$33)))),1),"") -> 8 | BH2: =IFERROR(ROUND(100*(0.45*(M2/5)+0.3*((AE2-MIN($AE$2:$AE$33))/(MAX($AE$2:$AE$33)-MIN($AE$2:$AE$33)))+0.25*((AB2-MIN($AB$2:$AB$33))/(MAX($AB$2:$AB$33)-MIN($AB$2:$AB$33)))),1),"") -> 40.2 | BI2: =IFERROR(ROUND(100*(0.3*((X2-MIN($X$2:$X$33))/(MAX($X$2:$X$33)-MIN($X$2:$X$33)))+0.25*((AO2-MIN($AO$2:$AO$33))/(MAX($AO$2:$AO$33)-MIN($AO$2:$AO$33)))+0.2*(L2/100)+0.25*((J2-MIN($J$2:$J$33))/(MAX($J$2:$J$33)-MIN($J$2:$J$33)))),1),"") -> 11.6 | BJ2: =IFERROR(MIN(5,ROUND((BG2*0.35+BH2*0.25+BI2*0.2+MIN(100,BC2*12)*0.2)/20,1)),"") -> 1.8 | BK2: Volcanic mineral control of abiotic ROS and Mn-oxidizing isolates
A3: BH1.2 | B3: Bellingshausen Dome | C3: 1 | D3: 2 | E3: -62.196125 | F3: -58.958305 | G3: Morrena lateral | H3: Morrena húmeda | I3: Temprana | J3: 433 | K3: 505 | L3: 13.7 | M3: 1.4 | N3: Húmedo | O3: Till volcánico basaltico-andesítico; plagioclasa, piroxeno, magnetita/zeolitas | P3: anorthite, hedenbergite, hematite, quartz, albite, calcite | Q3: hematite | R3: 7.716 | S3: 7.463 | T3: 82 | U3: 76.5 | V3: 280.6 | W3: 11.76 | X3: 3.167 | Y3: 0.273 | Z3: 11.88 | AA3: -23.45 | AB3: 0.93 | AC3: 37.54 | AD3: 0.58 | AE3: 68.82 | AF3: 47.604 | AG3: 0.978 | AH3: 19.969 | AI3: 7.734 | AJ3: 0.171 | AK3: 7.513 | AL3: 1.575 | AM3: 0.555 | AN3: 0.101 | AO3: =IFERROR(100*(AH3/101.96)/((AH3/101.96)+(AK3/56.08)+(AL3/61.98)+(AM3/94.2)),"") -> 54.233845 | AP3: 42.84 | AQ3: 18.61 | AR3: 0.96 | AS3: 3.611 | AT3: =IFERROR(AQ3/AP3,"") -> 0.4344071 | AU3: =IFERROR(AS3/AP3,"") -> 0.084290383 | AV3: 1.17 | AW3: 1.81 | AX3: 3.16 | AY3: 0.666 | AZ3: 0.434 | BA3: 0.29 | BB3: 0.154 | BC3: 7 | BD3: 71.4 | BE3: 71.4 | BF3: 100 | BG3: =IFERROR(ROUND(100*(0.35*((AW3-MIN($AW$2:$AW$33))/(MAX($AW$2:$AW$33)-MIN($AW$2:$AW$33)))+0.3*((AX3-MIN($AX$2:$AX$33))/(MAX($AX$2:$AX$33)-MIN($AX$2:$AX$33)))+0.2*((AS3-MIN($AS$2:$AS$33))/(MAX($AS$2:$AS$33)-MIN($AS$2:$AS$33)))+0.15*((AV3-MIN($AV$2:$AV$33))/(MAX($AV$2:$AV$33)-MIN($AV$2:$AV$33)))),1),"") -> 52.1 | BH3: =IFERROR(ROUND(100*(0.45*(M3/5)+0.3*((AE3-MIN($AE$2:$AE$33))/(MAX($AE$2:$AE$33)-MIN($AE$2:$AE$33)))+0.25*((AB3-MIN($AB$2:$AB$33))/(MAX($AB$2:$AB$33)-MIN($AB$2:$AB$33)))),1),"") -> 38.4 | BI3: =IFERROR(ROUND(100*(0.3*((X3-MIN($X$2:$X$33))/(MAX($X$2:$X$33)-MIN($X$2:$X$33)))+0.25*((AO3-MIN($AO$2:$AO$33))/(MAX($AO$2:$AO$33)-MIN($AO$2:$AO$33)))+0.2*(L3/100)+0.25*((J3-MIN($J$2:$J$33))/(MAX($J$2:$J$33)-MIN($J$2:$J$33)))),1),"") -> 21.1 | BJ3: =IFERROR(MIN(5,ROUND((BG3*0.35+BH3*0.25+BI3*0.2+MIN(100,BC3*12)*0.2)/20,1)),"") -> 2.4 | BK3: Volcanic mineral control of abiotic ROS and Mn-oxidizing isolates
A4: BH1.3 | B4: Bellingshausen Dome | C4: 1 | D4: 3 | E4: -62.195659 | F4: -58.958863 | G4: Depresión húmeda | H4: Costra liquénica/musgo | I4: Intermedia | J4: 631 | K4: 525 | L4: 19.8 | M4: 1.5 | N4: Intermedio | O4: Till volcánico basaltico-andesítico; plagioclasa, piroxeno, magnetita/zeolitas | P4: anorthite, zeolite, hematite, amphibole, quartz | Q4: hematite | R4: 7.333 | S4: 7.753 | T4: 242.8 | U4: 78 | V4: 274 | W4: 11.87 | X4: 2.2 | Y4: 0.127 | Z4: 17.42 | AA4: -33.59 | AB4: 0.41 | AC4: 12.98 | AD4: 0.76 | AE4: 33.39 | AF4: 49.878 | AG4: 1.254 | AH4: 18.32 | AI4: 8.456 | AJ4: 0.193 | AK4: 6.253 | AL4: 1.81 | AM4: 0.393 | AN4: 0.14 | AO4: =IFERROR(100*(AH4/101.96)/((AH4/101.96)+(AK4/56.08)+(AL4/61.98)+(AM4/94.2)),"") -> 55.36149 | AP4: 53.91 | AQ4: 18.6 | AR4: 3.01 | AS4: 3.326 | AT4: =IFERROR(AQ4/AP4,"") -> 0.34501948 | AU4: =IFERROR(AS4/AP4,"") -> 0.061695418 | AV4: 1.066 | AW4: 1.98 | AX4: 3.31 | AY4: 0.588 | AZ4: 0.349 | BA4: 0.189 | BB4: 0.158 | BC4: 5 | BD4: 80 | BE4: 80 | BF4: 100 | BG4: =IFERROR(ROUND(100*(0.35*((AW4-MIN($AW$2:$AW$33))/(MAX($AW$2:$AW$33)-MIN($AW$2:$AW$33)))+0.3*((AX4-MIN($AX$2:$AX$33))/(MAX($AX$2:$AX$33)-MIN($AX$2:$AX$33)))+0.2*((AS4-MIN($AS$2:$AS$33))/(MAX($AS$2:$AS$33)-MIN($AS$2:$AS$33)))+0.15*((AV4-MIN($AV$2:$AV$33))/(MAX($AV$2:$AV$33)-MIN($AV$2:$AV$33)))),1),"") -> 53.9 | BH4: =IFERROR(ROUND(100*(0.45*(M4/5)+0.3*((AE4-MIN($AE$2:$AE$33))/(MAX($AE$2:$AE$33)-MIN($AE$2:$AE$33)))+0.25*((AB4-MIN($AB$2:$AB$33))/(MAX($AB$2:$AB$33)-MIN($AB$2:$AB$33)))),1),"") -> 29.2 | BI4: =IFERROR(ROUND(100*(0.3*((X4-MIN($X$2:$X$33))/(MAX($X$2:$X$33)-MIN($X$2:$X$33)))+0.25*((AO4-MIN($AO$2:$AO$33))/(MAX($AO$2:$AO$33)-MIN($AO$2:$AO$33)))+0.2*(L4/100)+0.25*((J4-MIN($J$2:$J$33))/(MAX($J$2:$J$33)-MIN($J$2:$J$33)))),1),"") -> 25 | BJ4: =IFERROR(MIN(5,ROUND((BG4*0.35+BH4*0.25+BI4*0.2+MIN(100,BC4*12)*0.2)/20,1)),"") -> 2.2 | BK4: Volcanic mineral control of abiotic ROS and Mn-oxidizing isolates
A5: BH1.4 | B5: Bellingshausen Dome | C5: 1 | D5: 4 | E5: -62.195693 | F5: -58.959226 | G5: Talud vegetado | H5: Parche orgánico-microbiano | I5: Más estable | J5: 819 | K5: 653 | L5: 21.8 | M5: 1.7 | N5: Intermedio | O5: Till volcánico basaltico-andesítico; plagioclasa, piroxeno, magnetita/zeolitas | P5: zeolite, hematite, anorthite, calcite, phosphate | Q5: hematite, phosphate | R5: 7.376 | S5: 7.52 | T5: 84.8 | U5: 110.9 | V5: 292.4 | W5: 11.16 | X5: 2.157 | Y5: 0.14 | Z5: 15.77 | AA5: -28.43 | AB5: 3.7 | AC5: 18.84 | AD5: 0.58 | AE5: 44.12 | AF5: 52.59 | AG5: 1.211 | AH5: 18.298 | AI5: 8.224 | AJ5: 0.193 | AK5: 6.125 | AL5: 1.701 | AM5: 0.322 | AN5: 0.112 | AO5: =IFERROR(100*(AH5/101.96)/((AH5/101.96)+(AK5/56.08)+(AL5/61.98)+(AM5/94.2)),"") -> 56.162055 | AP5: 29.7 | AQ5: 7.25 | AR5: 2.39 | AS5: 1.416 | AT5: =IFERROR(AQ5/AP5,"") -> 0.24410774 | AU5: =IFERROR(AS5/AP5,"") -> 0.047676768 | AV5: 0.87 | AW5: 1.28 | AX5: 1.85 | AY5: 0.642 | AZ5: 0.357 | BA5: 0.284 | BB5: 0.128 | BC5: 6 | BD5: 83.3 | BE5: 66.7 | BF5: 100 | BG5: =IFERROR(ROUND(100*(0.35*((AW5-MIN($AW$2:$AW$33))/(MAX($AW$2:$AW$33)-MIN($AW$2:$AW$33)))+0.3*((AX5-MIN($AX$2:$AX$33))/(MAX($AX$2:$AX$33)-MIN($AX$2:$AX$33)))+0.2*((AS5-MIN($AS$2:$AS$33))/(MAX($AS$2:$AS$33)-MIN($AS$2:$AS$33)))+0.15*((AV5-MIN($AV$2:$AV$33))/(MAX($AV$2:$AV$33)-MIN($AV$2:$AV$33)))),1),"") -> 21.2 | BH5: =IFERROR(ROUND(100*(0.45*(M5/5)+0.3*((AE5-MIN($AE$2:$AE$33))/(MAX($AE$2:$AE$33)-MIN($AE$2:$AE$33)))+0.25*((AB5-MIN($AB$2:$AB$33))/(MAX($AB$2:$AB$33)-MIN($AB$2:$AB$33)))),1),"") -> 35.6 | BI5: =IFERROR(ROUND(100*(0.3*((X5-MIN($X$2:$X$33))/(MAX($X$2:$X$33)-MIN($X$2:$X$33)))+0.25*((AO5-MIN($AO$2:$AO$33))/(MAX($AO$2:$AO$33)-MIN($AO$2:$AO$33)))+0.2*(L5/100)+0.25*((J5-MIN($J$2:$J$33))/(MAX($J$2:$J$33)-MIN($J$2:$J$33)))),1),"") -> 30.1 | BJ5: =IFERROR(MIN(5,ROUND((BG5*0.35+BH5*0.25+BI5*0.2+MIN(100,BC5*12)*0.2)/20,1)),"") -> 1.8 | BK5: Volcanic mineral control of abiotic ROS and Mn-oxidizing isolates
A6: BH2.1 | B6: Bellingshausen Dome | C6: 2 | D6: 1 | E6: -62.19477 | F6: -58.955458 | G6: Domo glaciar / cresta | H6: Matriz mineral expuesta | I6: Reciente | J6: 370 | K6: 385 | L6: 6.2 | M6: 1.2 | N6: Seco-mineral | O6: Till volcánico basaltico-andesítico; plagioclasa, piroxeno, magnetita/zeolitas | P6: anorthite, zeolite, hematite, quartz | Q6: hematite | R6: 7.771 | S6: 5.286 | T6: 108.8 | U6: 5.5 | V6: 391.6 | W6: 8.74 | X6: 4.69 | Y6: 0.327 | Z6: 14.49 | AA6: -25.78 | AB6: 0.95 | AC6: 7.31 | AD6: 1.86 | AE6: 94.07 | AF6: 64.943 | AG6: 1.477 | AH6: 19.475 | AI6: 7.575 | AJ6: 0.169 | AK6: 6.985 | AL6: 3.592 | AM6: 0.735 | AN6: 0.332 | AO6: =IFERROR(100*(AH6/101.96)/((AH6/101.96)+(AK6/56.08)+(AL6/61.98)+(AM6/94.2)),"") -> 50.091176 | AP6: 47.7 | AQ6: 18.44 | AR6: 2.79 | AS6: 1.034 | AT6: =IFERROR(AQ6/AP6,"") -> 0.38658281 | AU6: =IFERROR(AS6/AP6,"") -> 0.021677149 | AV6: 0.91 | AW6: 1.05 | AX6: 0.95 | AY6: 0.664 | AZ6: 0.839 | BA6: 0.198 | BB6: 0.259 | BC6: 8 | BD6: 87.5 | BE6: 25 | BF6: 100 | BG6: =IFERROR(ROUND(100*(0.35*((AW6-MIN($AW$2:$AW$33))/(MAX($AW$2:$AW$33)-MIN($AW$2:$AW$33)))+0.3*((AX6-MIN($AX$2:$AX$33))/(MAX($AX$2:$AX$33)-MIN($AX$2:$AX$33)))+0.2*((AS6-MIN($AS$2:$AS$33))/(MAX($AS$2:$AS$33)-MIN($AS$2:$AS$33)))+0.15*((AV6-MIN($AV$2:$AV$33))/(MAX($AV$2:$AV$33)-MIN($AV$2:$AV$33)))),1),"") -> 10.5 | BH6: =IFERROR(ROUND(100*(0.45*(M6/5)+0.3*((AE6-MIN($AE$2:$AE$33))/(MAX($AE$2:$AE$33)-MIN($AE$2:$AE$33)))+0.25*((AB6-MIN($AB$2:$AB$33))/(MAX($AB$2:$AB$33)-MIN($AB$2:$AB$33)))),1),"") -> 43.7 | BI6: =IFERROR(ROUND(100*(0.3*((X6-MIN($X$2:$X$33))/(MAX($X$2:$X$33)-MIN($X$2:$X$33)))+0.25*((AO6-MIN($AO$2:$AO$33))/(MAX($AO$2:$AO$33)-MIN($AO$2:$AO$33)))+0.2*(L6/100)+0.25*((J6-MIN($J$2:$J$33))/(MAX($J$2:$J$33)-MIN($J$2:$J$33)))),1),"") -> 19.5 | BJ6: =IFERROR(MIN(5,ROUND((BG6*0.35+BH6*0.25+BI6*0.2+MIN(100,BC6*12)*0.2)/20,1)),"") -> 1.9 | BK6: Volcanic mineral control of abiotic ROS and Mn-oxidizing isolates
A7: BH2.2 | B7: Bellingshausen Dome | C7: 2 | D7: 2 | E7: -62.194387 | F7: -58.955902 | G7: Morrena lateral | H7: Morrena húmeda | I7: Temprana | J7: 564 | K7: 458 | L7: 14.5 | M7: 1.6 | N7: Húmedo | O7: Till volcánico basaltico-andesítico; plagioclasa, piroxeno, magnetita/zeolitas | P7: quartz, zeolite, anorthite, hematite, ilmenite | Q7: hematite, ilmenite | R7: 7.985 | S7: 4.344 | T7: 73.7 | U7: 89.3 | V7: 459.5 | W7: 10.46 | X7: 1.493 | Y7: 0.083 | Z7: 17.96 | AA7: -23.58 | AB7: 2.01 | AC7: 7.92 | AD7: 1.23 | AE7: 38.79 | AF7: 55.143 | AG7: 1.516 | AH7: 17.215 | AI7: 7.765 | AJ7: 0.182 | AK7: 6.798 | AL7: 2.372 | AM7: 0.793 | AN7: 0.254 | AO7: =IFERROR(100*(AH7/101.96)/((AH7/101.96)+(AK7/56.08)+(AL7/61.98)+(AM7/94.2)),"") -> 50.138436 | AP7: 50.73 | AQ7: 19.3 | AR7: 2.97 | AS7: 3.195 | AT7: =IFERROR(AQ7/AP7,"") -> 0.3804455 | AU7: =IFERROR(AS7/AP7,"") -> 0.062980485 | AV7: 1.236 | AW7: 2.13 | AX7: 3 | AY7: 0.645 | AZ7: 0.582 | BA7: 0.199 | BB7: 0.081 | BC7: 5 | BD7: 100 | BE7: 40 | BF7: 100 | BG7: =IFERROR(ROUND(100*(0.35*((AW7-MIN($AW$2:$AW$33))/(MAX($AW$2:$AW$33)-MIN($AW$2:$AW$33)))+0.3*((AX7-MIN($AX$2:$AX$33))/(MAX($AX$2:$AX$33)-MIN($AX$2:$AX$33)))+0.2*((AS7-MIN($AS$2:$AS$33))/(MAX($AS$2:$AS$33)-MIN($AS$2:$AS$33)))+0.15*((AV7-MIN($AV$2:$AV$33))/(MAX($AV$2:$AV$33)-MIN($AV$2:$AV$33)))),1),"") -> 56.7 | BH7: =IFERROR(ROUND(100*(0.45*(M7/5)+0.3*((AE7-MIN($AE$2:$AE$33))/(MAX($AE$2:$AE$33)-MIN($AE$2:$AE$33)))+0.25*((AB7-MIN($AB$2:$AB$33))/(MAX($AB$2:$AB$33)-MIN($AB$2:$AB$33)))),1),"") -> 32.4 | BI7: =IFERROR(ROUND(100*(0.3*((X7-MIN($X$2:$X$33))/(MAX($X$2:$X$33)-MIN($X$2:$X$33)))+0.25*((AO7-MIN($AO$2:$AO$33))/(MAX($AO$2:$AO$33)-MIN($AO$2:$AO$33)))+0.2*(L7/100)+0.25*((J7-MIN($J$2:$J$33))/(MAX($J$2:$J$33)-MIN($J$2:$J$33)))),1),"") -> 16.7 | BJ7: =IFERROR(MIN(5,ROUND((BG7*0.35+BH7*0.25+BI7*0.2+MIN(100,BC7*12)*0.2)/20,1)),"") -> 2.2 | BK7: Volcanic mineral control of abiotic ROS and Mn-oxidizing isolates
A8: BH2.3 | B8: Bellingshausen Dome | C8: 2 | D8: 3 | E8: -62.194415 | F8: -58.95643 | G8: Depresión húmeda | H8: Costra liquénica/musgo | I8: Intermedia | J8: 696 | K8: 583 | L8: 20 | M8: 1.7 | N8: Intermedio | O8: Till volcánico basaltico-andesítico; plagioclasa, piroxeno, magnetita/zeolitas | P8: anorthite, quartz, zeolite, hematite | Q8: hematite | R8: 7.971 | S8: 4.249 | T8: 62.1 | U8: 94 | V8: 456.7 | W8: 10.94 | X8: 0.913 | Y8: 0.057 | Z8: 16.98 | AA8: -29.65 | AB8: 7.36 | AC8: 6.92 | AD8: 1.78 | AE8: 23.57 | AF8: 60.548 | AG8: 1.601 | AH8: 19.421 | AI8: 8.378 | AJ8: 0.185 | AK8: 6.303 | AL8: 2.935 | AM8: 1.089 | AN8: 0.305 | AO8: =IFERROR(100*(AH8/101.96)/((AH8/101.96)+(AK8/56.08)+(AL8/61.98)+(AM8/94.2)),"") -> 52.649253 | AP8: 31.94 | AQ8: 9.82 | AR8: 1.09 | AS8: 2.804 | AT8: =IFERROR(AQ8/AP8,"") -> 0.30745147 | AU8: =IFERROR(AS8/AP8,"") -> 0.087789606 | AV8: 0.98 | AW8: 2.07 | AX8: 2.86 | AY8: 0.66 | AZ8: 0.626 | BA8: 0.171 | BB8: 0.102 | BC8: 12 | BD8: 50 | BE8: 16.7 | BF8: 100 | BG8: =IFERROR(ROUND(100*(0.35*((AW8-MIN($AW$2:$AW$33))/(MAX($AW$2:$AW$33)-MIN($AW$2:$AW$33)))+0.3*((AX8-MIN($AX$2:$AX$33))/(MAX($AX$2:$AX$33)-MIN($AX$2:$AX$33)))+0.2*((AS8-MIN($AS$2:$AS$33))/(MAX($AS$2:$AS$33)-MIN($AS$2:$AS$33)))+0.15*((AV8-MIN($AV$2:$AV$33))/(MAX($AV$2:$AV$33)-MIN($AV$2:$AV$33)))),1),"") -> 50 | BH8: =IFERROR(ROUND(100*(0.45*(M8/5)+0.3*((AE8-MIN($AE$2:$AE$33))/(MAX($AE$2:$AE$33)-MIN($AE$2:$AE$33)))+0.25*((AB8-MIN($AB$2:$AB$33))/(MAX($AB$2:$AB$33)-MIN($AB$2:$AB$33)))),1),"") -> 31.7 | BI8: =IFERROR(ROUND(100*(0.3*((X8-MIN($X$2:$X$33))/(MAX($X$2:$X$33)-MIN($X$2:$X$33)))+0.25*((AO8-MIN($AO$2:$AO$33))/(MAX($AO$2:$AO$33)-MIN($AO$2:$AO$33)))+0.2*(L8/100)+0.25*((J8-MIN($J$2:$J$33))/(MAX($J$2:$J$33)-MIN($J$2:$J$33)))),1),"") -> 21 | BJ8: =IFERROR(MIN(5,ROUND((BG8*0.35+BH8*0.25+BI8*0.2+MIN(100,BC8*12)*0.2)/20,1)),"") -> 2.5 | BK8: Volcanic mineral control of abiotic ROS and Mn-oxidizing isolates
A9: BH2.4 | B9: Bellingshausen Dome | C9: 2 | D9: 4 | E9: -62.193752 | F9: -58.956725 | G9: Talud vegetado | H9: Parche orgánico-microbiano | I9: Más estable | J9: 919 | K9: 620 | L9: 20.1 | M9: 2.1 | N9: Intermedio | O9: Till volcánico basaltico-andesítico; plagioclasa, piroxeno, magnetita/zeolitas | P9: quartz, anorthite, anorthoclase | Q9: magnetite/hematite minor | R9: 7.45 | S9: 4.346 | T9: 52.3 | U9: 92 | V9: 431.3 | W9: 10.63 | X9: 5.67 | Y9: 0.35 | Z9: 16.71 | AA9: -27.32 | AB9: -0.74 | AC9: 7.41 | AD9: 2.97 | AE9: 59.16 | AF9: 58.105 | AG9: 1.497 | AH9: 19.074 | AI9: 8.127 | AJ9: 0.185 | AK9: 6.54 | AL9: 3.357 | AM9: 0.807 | AN9: 0.265 | AO9: =IFERROR(100*(AH9/101.96)/((AH9/101.96)+(AK9/56.08)+(AL9/61.98)+(AM9/94.2)),"") -> 51.054076 | AP9: 49.3 | AQ9: 12.07 | AR9: 5.87 | AS9: 1.622 | AT9: =IFERROR(AQ9/AP9,"") -> 0.24482759 | AU9: =IFERROR(AS9/AP9,"") -> 0.032900609 | AV9: 1.342 | AW9: 1.15 | AX9: 1.57 | AY9: 0.687 | AZ9: 0.675 | BA9: 0.158 | BB9: 0.306 | BC9: 8 | BD9: 62.5 | BE9: 0 | BF9: 100 | BG9: =IFERROR(ROUND(100*(0.35*((AW9-MIN($AW$2:$AW$33))/(MAX($AW$2:$AW$33)-MIN($AW$2:$AW$33)))+0.3*((AX9-MIN($AX$2:$AX$33))/(MAX($AX$2:$AX$33)-MIN($AX$2:$AX$33)))+0.2*((AS9-MIN($AS$2:$AS$33))/(MAX($AS$2:$AS$33)-MIN($AS$2:$AS$33)))+0.15*((AV9-MIN($AV$2:$AV$33))/(MAX($AV$2:$AV$33)-MIN($AV$2:$AV$33)))),1),"") -> 23.4 | BH9: =IFERROR(ROUND(100*(0.45*(M9/5)+0.3*((AE9-MIN($AE$2:$AE$33))/(MAX($AE$2:$AE$33)-MIN($AE$2:$AE$33)))+0.25*((AB9-MIN($AB$2:$AB$33))/(MAX($AB$2:$AB$33)-MIN($AB$2:$AB$33)))),1),"") -> 41.2 | BI9: =IFERROR(ROUND(100*(0.3*((X9-MIN($X$2:$X$33))/(MAX($X$2:$X$33)-MIN($X$2:$X$33)))+0.25*((AO9-MIN($AO$2:$AO$33))/(MAX($AO$2:$AO$33)-MIN($AO$2:$AO$33)))+0.2*(L9/100)+0.25*((J9-MIN($J$2:$J$33))/(MAX($J$2:$J$33)-MIN($J$2:$J$33)))),1),"") -> 38.2 | BJ9: =IFERROR(MIN(5,ROUND((BG9*0.35+BH9*0.25+BI9*0.2+MIN(100,BC9*12)*0.2)/20,1)),"") -> 2.3 | BK9: Volcanic mineral control of abiotic ROS and Mn-oxidizing isolates
A10: MC.1.1 | B10: Marian Cove | C10: 1 | D10: 1 | E10: -62.211934 | F10: -58.782908 | G10: Proglacial proximal | H10: Suelo proglacial reciente | I10: Reciente | J10: 330 | K10: 216 | L10: 12.3 | M10: 1.1 | N10: Seco-mineral | O10: Depósitos proglaciales recientes y sedimentos glacimarinos; plagioclasa, cuarzo, clorita/calcita | P10: anorthite, quartz, calcite | Q10: clorita-calcita; Fe-óxidos secundarios | R10: 7.707 | S10: 7.768 | T10: 81.5 | U10: 100.3 | V10: 285.4 | W10: 11.98 | X10: 2.353 | Y10: 0.14 | Z10: 17.25 | AA10: -26.72 | AB10: 3.6 | AC10: 4.91 | AD10: 0.66 | AE10: 6.28 | AF10: 57.821 | AG10: 2.126 | AH10: 22.635 | AI10: 9.59 | AJ10: 0.18 | AK10: 3.944 | AL10: 2.523 | AM10: 2.478 | AN10: 0.336 | AO10: =IFERROR(100*(AH10/101.96)/((AH10/101.96)+(AK10/56.08)+(AL10/61.98)+(AM10/94.2)),"") -> 61.779716 | AP10: 55.98 | AQ10: 29.92 | AR10: 3.66 | AS10: 4.17 | AT10: =IFERROR(AQ10/AP10,"") -> 0.5344766 | AU10: =IFERROR(AS10/AP10,"") -> 0.07449089 | AV10: 1.29 | AW10: 2.24 | AX10: 3.83 | AY10: 0.755 | AZ10: 0.628 | BA10: 0.246 | BB10: 0.159 | BC10: 4 | BD10: 60.2 | BE10: 37.8 | BF10: 39.2 | BG10: =IFERROR(ROUND(100*(0.35*((AW10-MIN($AW$2:$AW$33))/(MAX($AW$2:$AW$33)-MIN($AW$2:$AW$33)))+0.3*((AX10-MIN($AX$2:$AX$33))/(MAX($AX$2:$AX$33)-MIN($AX$2:$AX$33)))+0.2*((AS10-MIN($AS$2:$AS$33))/(MAX($AS$2:$AS$33)-MIN($AS$2:$AS$33)))+0.15*((AV10-MIN($AV$2:$AV$33))/(MAX($AV$2:$AV$33)-MIN($AV$2:$AV$33)))),1),"") -> 68.3 | BH10: =IFERROR(ROUND(100*(0.45*(M10/5)+0.3*((AE10-MIN($AE$2:$AE$33))/(MAX($AE$2:$AE$33)-MIN($AE$2:$AE$33)))+0.25*((AB10-MIN($AB$2:$AB$33))/(MAX($AB$2:$AB$33)-MIN($AB$2:$AB$33)))),1),"") -> 19.7 | BI10: =IFERROR(ROUND(100*(0.3*((X10-MIN($X$2:$X$33))/(MAX($X$2:$X$33)-MIN($X$2:$X$33)))+0.25*((AO10-MIN($AO$2:$AO$33))/(MAX($AO$2:$AO$33)-MIN($AO$2:$AO$33)))+0.2*(L10/100)+0.25*((J10-MIN($J$2:$J$33))/(MAX($J$2:$J$33)-MIN($J$2:$J$33)))),1),"") -> 21.5 | BJ10: =IFERROR(MIN(5,ROUND((BG10*0.35+BH10*0.25+BI10*0.2+MIN(100,BC10*12)*0.2)/20,1)),"") -> 2.1 | BK10: Glacier-retreat chronosequence: early C/N accumulation and mineral redox
A11: MC.1.2 | B11: Marian Cove | C11: 1 | D11: 2 | E11: -62.211808 | F11: -58.783561 | G11: Moraine/distal reciente | H11: Frente de sucesión temprana | I11: Temprana | J11: 535 | K11: 290 | L11: 22.2 | M11: 1 | N11: Intermedio | O11: Depósitos proglaciales recientes y sedimentos glacimarinos; plagioclasa, cuarzo, clorita/calcita | P11: albite, quartz, clinochlore | Q11: clinochlore | R11: 7.377 | S11: 7.686 | T11: 47.8 | U11: 100.9 | V11: 282 | W11: 12.44 | X11: 3.88 | Y11: 0.29 | Z11: 13.25 | AA11: -27.77 | AB11: -2.23 | AC11: 8.84 | AD11: 1.07 | AE11: 15.06 | AF11: 57.352 | AG11: 1.69 | AH11: 25.527 | AI11: 8.859 | AJ11: 0.165 | AK11: 2.194 | AL11: 2.219 | AM11: 3.555 | AN11: 0.274 | AO11: =IFERROR(100*(AH11/101.96)/((AH11/101.96)+(AK11/56.08)+(AL11/61.98)+(AM11/94.2)),"") -> 68.965497 | AP11: 37.42 | AQ11: 10.9 | AR11: 2.26 | AS11: 2.326 | AT11: =IFERROR(AQ11/AP11,"") -> 0.29128808 | AU11: =IFERROR(AS11/AP11,"") -> 0.062159273 | AV11: 0.574 | AW11: 1.6 | AX11: 1.96 | AY11: 0.74 | AZ11: 0.52 | BA11: 0.101 | BB11: 0.222 | BC11: 9 | BD11: 67 | BE11: 4.8 | BF11: 33.4 | BG11: =IFERROR(ROUND(100*(0.35*((AW11-MIN($AW$2:$AW$33))/(MAX($AW$2:$AW$33)-MIN($AW$2:$AW$33)))+0.3*((AX11-MIN($AX$2:$AX$33))/(MAX($AX$2:$AX$33)-MIN($AX$2:$AX$33)))+0.2*((AS11-MIN($AS$2:$AS$33))/(MAX($AS$2:$AS$33)-MIN($AS$2:$AS$33)))+0.15*((AV11-MIN($AV$2:$AV$33))/(MAX($AV$2:$AV$33)-MIN($AV$2:$AV$33)))),1),"") -> 28.9 | BH11: =IFERROR(ROUND(100*(0.45*(M11/5)+0.3*((AE11-MIN($AE$2:$AE$33))/(MAX($AE$2:$AE$33)-MIN($AE$2:$AE$33)))+0.25*((AB11-MIN($AB$2:$AB$33))/(MAX($AB$2:$AB$33)-MIN($AB$2:$AB$33)))),1),"") -> 18.3 | BI11: =IFERROR(ROUND(100*(0.3*((X11-MIN($X$2:$X$33))/(MAX($X$2:$X$33)-MIN($X$2:$X$33)))+0.25*((AO11-MIN($AO$2:$AO$33))/(MAX($AO$2:$AO$33)-MIN($AO$2:$AO$33)))+0.2*(L11/100)+0.25*((J11-MIN($J$2:$J$33))/(MAX($J$2:$J$33)-MIN($J$2:$J$33)))),1),"") -> 37.5 | BJ11: =IFERROR(MIN(5,ROUND((BG11*0.35+BH11*0.25+BI11*0.2+MIN(100,BC11*12)*0.2)/20,1)),"") -> 2.1 | BK11: Glacier-retreat chronosequence: early C/N accumulation and mineral redox
A12: MC.1.3 | B12: Marian Cove | C12: 1 | D12: 3 | E12: -62.211552 | F12: -58.783939 | G12: Terraza proglacial | H12: Mosaico musgo-liquen | I12: Intermedia | J12: 807 | K12: 376 | L12: 25.8 | M12: 1.3 | N12: Intermedio | O12: Depósitos proglaciales recientes y sedimentos glacimarinos; plagioclasa, cuarzo, clorita/calcita | P12: quartz, albite, calcite, hematite, clinochlore | Q12: hematite, clinochlore | R12: 7.579 | S12: 7.585 | T12: 46.4 | U12: 84.3 | V12: 291.4 | W12: 12.44 | X12: 3.493 | Y12: 0.25 | Z12: 14.24 | AA12: -28.18 | AB12: -2.54 | AC12: 11.7 | AD12: 1.21 | AE12: 17.25 | AF12: 52.116 | AG12: 1.674 | AH12: 23.216 | AI12: 10.569 | AJ12: 0.203 | AK12: 2.255 | AL12: 2.097 | AM12: 2.546 | AN12: 0.229 | AO12: =IFERROR(100*(AH12/101.96)/((AH12/101.96)+(AK12/56.08)+(AL12/61.98)+(AM12/94.2)),"") -> 69.257558 | AP12: 37.5 | AQ12: 11.33 | AR12: 2.34 | AS12: 2.235 | AT12: =IFERROR(AQ12/AP12,"") -> 0.30213333 | AU12: =IFERROR(AS12/AP12,"") -> 0.0596 | AV12: 0.76 | AW12: 1.28 | AX12: 1.39 | AY12: 0.715 | AZ12: 0.448 | BA12: 0.149 | BB12: 0.171 | BC12: 7 | BD12: 56.3 | BE12: 16.4 | BF12: 38.7 | BG12: =IFERROR(ROUND(100*(0.35*((AW12-MIN($AW$2:$AW$33))/(MAX($AW$2:$AW$33)-MIN($AW$2:$AW$33)))+0.3*((AX12-MIN($AX$2:$AX$33))/(MAX($AX$2:$AX$33)-MIN($AX$2:$AX$33)))+0.2*((AS12-MIN($AS$2:$AS$33))/(MAX($AS$2:$AS$33)-MIN($AS$2:$AS$33)))+0.15*((AV12-MIN($AV$2:$AV$33))/(MAX($AV$2:$AV$33)-MIN($AV$2:$AV$33)))),1),"") -> 21.1 | BH12: =IFERROR(ROUND(100*(0.45*(M12/5)+0.3*((AE12-MIN($AE$2:$AE$33))/(MAX($AE$2:$AE$33)-MIN($AE$2:$AE$33)))+0.25*((AB12-MIN($AB$2:$AB$33))/(MAX($AB$2:$AB$33)-MIN($AB$2:$AB$33)))),1),"") -> 21.5 | BI12: =IFERROR(ROUND(100*(0.3*((X12-MIN($X$2:$X$33))/(MAX($X$2:$X$33)-MIN($X$2:$X$33)))+0.25*((AO12-MIN($AO$2:$AO$33))/(MAX($AO$2:$AO$33)-MIN($AO$2:$AO$33)))+0.2*(L12/100)+0.25*((J12-MIN($J$2:$J$33))/(MAX($J$2:$J$33)-MIN($J$2:$J$33)))),1),"") -> 43.6 | BJ12: =IFERROR(MIN(5,ROUND((BG12*0.35+BH12*0.25+BI12*0.2+MIN(100,BC12*12)*0.2)/20,1)),"") -> 1.9 | BK12: Glacier-retreat chronosequence: early C/N accumulation and mineral redox
A13: MC.1.4 | B13: Marian Cove | C13: 1 | D13: 4 | E13: -62.21115 | F13: -58.784146 | G13: Ladera estable | H13: Terraza más estable | I13: Más estable | J13: 1025 | K13: 494 | L13: 36.5 | M13: 1.7 | N13: Intermedio | O13: Depósitos proglaciales recientes y sedimentos glacimarinos; plagioclasa, cuarzo, clorita/calcita | P13: quartz, albite, muscovite | Q13: clorita-calcita; Fe-óxidos secundarios | R13: 7.27 | S13: 7.58 | T13: 39.7 | U13: 13075.1 | V13: 278.6 | W13: 10.81 | X13: 4.993 | Y13: 0.297 | Z13: 16.83 | AA13: -31.48 | AB13: 0.6 | AC13: 5.73 | AD13: 0.84 | AE13: 13.6 | AF13: 56.402 | AG13: 1.303 | AH13: 27.958 | AI13: 8.412 | AJ13: 0.184 | AK13: 1.34 | AL13: 1.526 | AM13: 4.892 | AN13: 0.301 | AO13: =IFERROR(100*(AH13/101.96)/((AH13/101.96)+(AK13/56.08)+(AL13/61.98)+(AM13/94.2)),"") -> 73.189227 | AP13: 32.95 | AQ13: 13.49 | AR13: 2.31 | AS13: 2.663 | AT13: =IFERROR(AQ13/AP13,"") -> 0.40940819 | AU13: =IFERROR(AS13/AP13,"") -> 0.080819423 | AV13: 1.042 | AW13: 1.56 | AX13: 1.93 | AY13: 0.804 | AZ13: 0.587 | BA13: 0.071 | BB13: 0.269 | BC13: 7 | BD13: 65.9 | BE13: 37.1 | BF13: 37.3 | BG13: =IFERROR(ROUND(100*(0.35*((AW13-MIN($AW$2:$AW$33))/(MAX($AW$2:$AW$33)-MIN($AW$2:$AW$33)))+0.3*((AX13-MIN($AX$2:$AX$33))/(MAX($AX$2:$AX$33)-MIN($AX$2:$AX$33)))+0.2*((AS13-MIN($AS$2:$AS$33))/(MAX($AS$2:$AS$33)-MIN($AS$2:$AS$33)))+0.15*((AV13-MIN($AV$2:$AV$33))/(MAX($AV$2:$AV$33)-MIN($AV$2:$AV$33)))),1),"") -> 34.8 | BH13: =IFERROR(ROUND(100*(0.45*(M13/5)+0.3*((AE13-MIN($AE$2:$AE$33))/(MAX($AE$2:$AE$33)-MIN($AE$2:$AE$33)))+0.25*((AB13-MIN($AB$2:$AB$33))/(MAX($AB$2:$AB$33)-MIN($AB$2:$AB$33)))),1),"") -> 25.6 | BI13: =IFERROR(ROUND(100*(0.3*((X13-MIN($X$2:$X$33))/(MAX($X$2:$X$33)-MIN($X$2:$X$33)))+0.25*((AO13-MIN($AO$2:$AO$33))/(MAX($AO$2:$AO$33)-MIN($AO$2:$AO$33)))+0.2*(L13/100)+0.25*((J13-MIN($J$2:$J$33))/(MAX($J$2:$J$33)-MIN($J$2:$J$33)))),1),"") -> 57.7 | BJ13: =IFERROR(MIN(5,ROUND((BG13*0.35+BH13*0.25+BI13*0.2+MIN(100,BC13*12)*0.2)/20,1)),"") -> 2.3 | BK13: Glacier-retreat chronosequence: early C/N accumulation and mineral redox
... A21: BP2.4 | B21: Barton Peninsula | C21: 2 | D21: 4 | E21: -62.233367 | F21: -58.738728 | G21: Depresión ácida | H21: Suelo ácido con sulfuro/arcilla | I21: Más estable | J21: 1150 | K21: 670 | L21: 44.5 | M21: 3.2 | N21: Intermedio | O21: Rocas volcánicas Paleoceno–Eoceno, basalto a andesita, localmente alteradas hidrotermalmente | P21: quartz, albite, dolomite, clinochlore | Q21: clinochlore | R21: 8.511 | S21: 4.346 | T21: 135.2 | U21: 80 | V21: 431.3 | W21: 10.65 | X21: 5.487 | Y21: 0.093 | Z21: 60.15 | AA21: -22.04 | AB21: 5.72 | AC21: 11.65 | AD21: 0.82 | AE21: 36.73 | AF21: 67.911 | AG21: 1.512 | AH21: 20.509 | AI21: 5.978 | AJ21: 0.127 | AK21: 4.467 | AL21: 3.61 | AM21: 2.515 | AN21: 0.295 | AO21: =IFERROR(100*(AH21/101.96)/((AH21/101.96)+(AK21/56.08)+(AL21/61.98)+(AM21/94.2)),"") -> 54.996701 | AP21: 31.3 | AQ21: 7.61 | AR21: 3.75 | AS21: 0.824 | AT21: =IFERROR(AQ21/AP21,"") -> 0.24313099 | AU21: =IFERROR(AS21/AP21,"") -> 0.026325879 | AV21: 0.869 | AW21: 1.32 | AX21: 1.27 | AY21: 0.662 | AZ21: 0.61 | BA21: 0.103 | BB21: 0.312 | BC21: 11 | BD21: 66.6 | BE21: 18.5 | BF21: 43.6 | BG21: =IFERROR(ROUND(100*(0.35*((AW21-MIN($AW$2:$AW$33))/(MAX($AW$2:$AW$33)-MIN($AW$2:$AW$33)))+0.3*((AX21-MIN($AX$2:$AX$33))/(MAX($AX$2:$AX$33)-MIN($AX$2:$AX$33)))+0.2*((AS21-MIN($AS$2:$AS$33))/(MAX($AS$2:$AS$33)-MIN($AS$2:$AS$33)))+0.15*((AV21-MIN($AV$2:$AV$33))/(MAX($AV$2:$AV$33)-MIN($AV$2:$AV$33)))),1),"") -> 16.3 | BH21: =IFERROR(ROUND(100*(0.45*(M21/5)+0.3*((AE21-MIN($AE$2:$AE$33))/(MAX($AE$2:$AE$33)-MIN($AE$2:$AE$33)))+0.25*((AB21-MIN($AB$2:$AB$33))/(MAX($AB$2:$AB$33)-MIN($AB$2:$AB$33)))),1),"") -> 48.1 | BI21: =IFERROR(ROUND(100*(0.3*((X21-MIN($X$2:$X$33))/(MAX($X$2:$X$33)-MIN($X$2:$X$33)))+0.25*((AO21-MIN($AO$2:$AO$33))/(MAX($AO$2:$AO$33)-MIN($AO$2:$AO$33)))+0.2*(L21/100)+0.25*((J21-MIN($J$2:$J$33))/(MAX($J$2:$J$33)-MIN($J$2:$J$33)))),1),"") -> 50.6 | BJ21: =IFERROR(MIN(5,ROUND((BG21*0.35+BH21*0.25+BI21*0.2+MIN(100,BC21*12)*0.2)/20,1)),"") -> 2.4 | BK21: Ornithogenic P–N enrichment and Fe/S redox heterogeneity
A22: BP3.1 | B22: Barton Peninsula | C22: 3 | D22: 1 | E22: -62.232673 | F22: -58.734736 | G22: Plataforma costera | H22: Costero ornithogénico | I22: Reciente | J22: 863 | K22: 236 | L22: 16.1 | M22: 1.8 | N22: Seco-mineral | O22: Rocas volcánicas Paleoceno–Eoceno, basalto a andesita, localmente alteradas hidrotermalmente | P22: anorthite, phlogopite, magnetite, quartz | Q22: phlogopite, magnetite | R22: 7.217 | S22: 5.5 | T22: 140.2 | V22: 333.7 | X22: 1.689 | Y22: 0.163 | Z22: 10.43 | AA22: -32.07 | AB22: -4.41 | AC22: 13.25 | AD22: 0.1 | AE22: 58.58 | AF22: 59.646 | AG22: 1.077 | AH22: 25.122 | AI22: 8.901 | AJ22: 0.097 | AK22: 2.049 | AL22: 1.935 | AM22: 2.049 | AN22: 0.272 | AO22: =IFERROR(100*(AH22/101.96)/((AH22/101.96)+(AK22/56.08)+(AL22/61.98)+(AM22/94.2)),"") -> 73.35259 | AP22: 55.85 | AQ22: 28.52 | AR22: 1.54 | AS22: 1.3 | AT22: =IFERROR(AQ22/AP22,"") -> 0.51065354 | AU22: =IFERROR(AS22/AP22,"") -> 0.023276634 | AV22: 0.634 | AW22: 1.16 | AX22: 1.07 | AY22: 0.758 | AZ22: 0.66 | BA22: 0.045 | BB22: 0.109 | BC22: 4 | BD22: 35.2 | BE22: 32.4 | BF22: 53 | BG22: =IFERROR(ROUND(100*(0.35*((AW22-MIN($AW$2:$AW$33))/(MAX($AW$2:$AW$33)-MIN($AW$2:$AW$33)))+0.3*((AX22-MIN($AX$2:$AX$33))/(MAX($AX$2:$AX$33)-MIN($AX$2:$AX$33)))+0.2*((AS22-MIN($AS$2:$AS$33))/(MAX($AS$2:$AS$33)-MIN($AS$2:$AS$33)))+0.15*((AV22-MIN($AV$2:$AV$33))/(MAX($AV$2:$AV$33)-MIN($AV$2:$AV$33)))),1),"") -> 11.3 | BH22: =IFERROR(ROUND(100*(0.45*(M22/5)+0.3*((AE22-MIN($AE$2:$AE$33))/(MAX($AE$2:$AE$33)-MIN($AE$2:$AE$33)))+0.25*((AB22-MIN($AB$2:$AB$33))/(MAX($AB$2:$AB$33)-MIN($AB$2:$AB$33)))),1),"") -> 36.6 | BI22: =IFERROR(ROUND(100*(0.3*((X22-MIN($X$2:$X$33))/(MAX($X$2:$X$33)-MIN($X$2:$X$33)))+0.25*((AO22-MIN($AO$2:$AO$33))/(MAX($AO$2:$AO$33)-MIN($AO$2:$AO$33)))+0.2*(L22/100)+0.25*((J22-MIN($J$2:$J$33))/(MAX($J$2:$J$33)-MIN($J$2:$J$33)))),1),"") -> 40.8 | BJ22: =IFERROR(MIN(5,ROUND((BG22*0.35+BH22*0.25+BI22*0.2+MIN(100,BC22*12)*0.2)/20,1)),"") -> 1.5 | BK22: Volcanic mineral control of abiotic ROS and Mn-oxidizing isolates
A23: BP3.2 | B23: Barton Peninsula | C23: 3 | D23: 2 | E23: -62.232723 | F23: -58.735409 | G23: Moraine interior | H23: Moraine/vegetación dispersa | I23: Temprana | J23: 976 | K23: 388 | L23: 28.8 | M23: 1.5 | N23: Intermedio | O23: Rocas volcánicas Paleoceno–Eoceno, basalto a andesita, localmente alteradas hidrotermalmente | P23: quartz, anorthite | Q23: hematite/magnetite/pyrite/clorita | R23: 7.203 | S23: 7.403 | T23: 144.1 | V23: 291.2 | X23: 2.423 | Y23: 0.204 | Z23: 12.65 | AA23: -27.12 | AB23: 15.72 | AC23: 7.16 | AD23: 1.21 | AE23: 67.53 | AF23: 64.456 | AG23: 1.033 | AH23: 30.549 | AI23: 5.348 | AJ23: 0.052 | AK23: 1.355 | AL23: 1.677 | AM23: 1.354 | AN23: 0.11 | AO23: =IFERROR(100*(AH23/101.96)/((AH23/101.96)+(AK23/56.08)+(AL23/61.98)+(AM23/94.2)),"") -> 82.03974 | AP23: 18.14 | AQ23: 6.83 | AR23: 0.43 | AS23: 1.171 | AT23: =IFERROR(AQ23/AP23,"") -> 0.37651599 | AU23: =IFERROR(AS23/AP23,"") -> 0.064553473 | AV23: 0.177 | AW23: 1.15 | AX23: 1.25 | AY23: 0.856 | AZ23: 0.438 | BA23: 0.067 | BB23: 0.136 | BC23: 5 | BD23: 55.8 | BE23: 27.9 | BF23: 48.5 | BG23: =IFERROR(ROUND(100*(0.35*((AW23-MIN($AW$2:$AW$33))/(MAX($AW$2:$AW$33)-MIN($AW$2:$AW$33)))+0.3*((AX23-MIN($AX$2:$AX$33))/(MAX($AX$2:$AX$33)-MIN($AX$2:$AX$33)))+0.2*((AS23-MIN($AS$2:$AS$33))/(MAX($AS$2:$AS$33)-MIN($AS$2:$AS$33)))+0.15*((AV23-MIN($AV$2:$AV$33))/(MAX($AV$2:$AV$33)-MIN($AV$2:$AV$33)))),1),"") -> 6.2 | BH23: =IFERROR(ROUND(100*(0.45*(M23/5)+0.3*((AE23-MIN($AE$2:$AE$33))/(MAX($AE$2:$AE$33)-MIN($AE$2:$AE$33)))+0.25*((AB23-MIN($AB$2:$AB$33))/(MAX($AB$2:$AB$33)-MIN($AB$2:$AB$33)))),1),"") -> 46.2 | BI23: =IFERROR(ROUND(100*(0.3*((X23-MIN($X$2:$X$33))/(MAX($X$2:$X$33)-MIN($X$2:$X$33)))+0.25*((AO23-MIN($AO$2:$AO$33))/(MAX($AO$2:$AO$33)-MIN($AO$2:$AO$33)))+0.2*(L23/100)+0.25*((J23-MIN($J$2:$J$33))/(MAX($J$2:$J$33)-MIN($J$2:$J$33)))),1),"") -> 54.1 | BJ23: =IFERROR(MIN(5,ROUND((BG23*0.35+BH23*0.25+BI23*0.2+MIN(100,BC23*12)*0.2)/20,1)),"") -> 1.8 | BK23: Volcanic mineral control of abiotic ROS and Mn-oxidizing isolates
A24: BP3.3 | B24: Barton Peninsula | C24: 3 | D24: 3 | E24: -62.232151 | F24: -58.7359 | G24: Ladera/afloramiento | H24: Afloramiento alterado | I24: Intermedia | J24: 1125 | K24: 577 | L24: 33.1 | M24: 1.9 | N24: Intermedio | O24: Rocas volcánicas Paleoceno–Eoceno, basalto a andesita, localmente alteradas hidrotermalmente | P24: quartz, anorthite, clinochlore, magnetite, pyrite | Q24: clinochlore, magnetite, pyrite | R24: 6.571 | S24: 6.933 | T24: 138.5 | V24: 262.8 | X24: 0.763 | Y24: 0.096 | Z24: 9.22 | AA24: -32.49 | AB24: 15.41 | AC24: 5.06 | AD24: 0.93 | AE24: 39.85 | AF24: 56.79 | AG24: 2.341 | AH24: 19.51 | AI24: 9.642 | AJ24: 0.16 | AK24: 5.999 | AL24: 3.392 | AM24: 1.307 | AN24: 0.375 | AO24: =IFERROR(100*(AH24/101.96)/((AH24/101.96)+(AK24/56.08)+(AL24/61.98)+(AM24/94.2)),"") -> 52.14967 | AP24: 48.17 | AQ24: 15.61 | AR24: 1.95 | AS24: 4.54 | AT24: =IFERROR(AQ24/AP24,"") -> 0.32406062 | AU24: =IFERROR(AS24/AP24,"") -> 0.094249533 | AV24: 0.73 | AW24: 2.44 | AX24: 4.99 | AY24: 0.649 | AZ24: 0.749 | BA24: 0.145 | BB24: 0.09 | BC24: 4 | BD24: 60.1 | BE24: 13 | BF24: 41 | BG24: =IFERROR(ROUND(100*(0.35*((AW24-MIN($AW$2:$AW$33))/(MAX($AW$2:$AW$33)-MIN($AW$2:$AW$33)))+0.3*((AX24-MIN($AX$2:$AX$33))/(MAX($AX$2:$AX$33)-MIN($AX$2:$AX$33)))+0.2*((AS24-MIN($AS$2:$AS$33))/(MAX($AS$2:$AS$33)-MIN($AS$2:$AS$33)))+0.15*((AV24-MIN($AV$2:$AV$33))/(MAX($AV$2:$AV$33)-MIN($AV$2:$AV$33)))),1),"") -> 73.6 | BH24: =IFERROR(ROUND(100*(0.45*(M24/5)+0.3*((AE24-MIN($AE$2:$AE$33))/(MAX($AE$2:$AE$33)-MIN($AE$2:$AE$33)))+0.25*((AB24-MIN($AB$2:$AB$33))/(MAX($AB$2:$AB$33)-MIN($AB$2:$AB$33)))),1),"") -> 42 | BI24: =IFERROR(ROUND(100*(0.3*((X24-MIN($X$2:$X$33))/(MAX($X$2:$X$33)-MIN($X$2:$X$33)))+0.25*((AO24-MIN($AO$2:$AO$33))/(MAX($AO$2:$AO$33)-MIN($AO$2:$AO$33)))+0.2*(L24/100)+0.25*((J24-MIN($J$2:$J$33))/(MAX($J$2:$J$33)-MIN($J$2:$J$33)))),1),"") -> 32.6 | BJ24: =IFERROR(MIN(5,ROUND((BG24*0.35+BH24*0.25+BI24*0.2+MIN(100,BC24*12)*0.2)/20,1)),"") -> 2.6 | BK24: Volcanic mineral control of abiotic ROS and Mn-oxidizing isolates
A25: BP3.4 | B25: Barton Peninsula | C25: 3 | D25: 4 | E25: -62.231609 | F25: -58.736046 | G25: Depresión ácida | H25: Suelo ácido con sulfuro/arcilla | I25: Más estable | J25: 1259 | K25: 697 | L25: 39.1 | M25: 2 | N25: Intermedio | O25: Rocas volcánicas Paleoceno–Eoceno, basalto a andesita, localmente alteradas hidrotermalmente | P25: quartz, anorthite, clinochlore, magnetite, muscovite | Q25: clinochlore, magnetite | R25: 5.798 | S25: 7.173 | T25: 126.9 | V25: 312.7 | W25: 10.68 | X25: 2.257 | Y25: 0.243 | Z25: 9.58 | AA25: -30.27 | AB25: 9.47 | AC25: 5.34 | AD25: 1.69 | AE25: 37.81 | AF25: 53.599 | AG25: 1.214 | AH25: 20.917 | AI25: 9.161 | AJ25: 0.134 | AK25: 2.88 | AL25: 2.313 | AM25: 2.587 | AN25: 0.305 | AO25: =IFERROR(100*(AH25/101.96)/((AH25/101.96)+(AK25/56.08)+(AL25/61.98)+(AM25/94.2)),"") -> 63.852555 | AP25: 58.41 | AQ25: 20.15 | AR25: 2.83 | AS25: 1.832 | AT25: =IFERROR(AQ25/AP25,"") -> 0.34497518 | AU25: =IFERROR(AS25/AP25,"") -> 0.031364492 | AV25: 0.506 | AW25: 1.3 | AX25: 1.62 | AY25: 0.658 | AZ25: 0.681 | BA25: 0.079 | BB25: 0.123 | BC25: 4 | BD25: 48.2 | BE25: 28.5 | BF25: 45.1 | BG25: =IFERROR(ROUND(100*(0.35*((AW25-MIN($AW$2:$AW$33))/(MAX($AW$2:$AW$33)-MIN($AW$2:$AW$33)))+0.3*((AX25-MIN($AX$2:$AX$33))/(MAX($AX$2:$AX$33)-MIN($AX$2:$AX$33)))+0.2*((AS25-MIN($AS$2:$AS$33))/(MAX($AS$2:$AS$33)-MIN($AS$2:$AS$33)))+0.15*((AV25-MIN($AV$2:$AV$33))/(MAX($AV$2:$AV$33)-MIN($AV$2:$AV$33)))),1),"") -> 18 | BH25: =IFERROR(ROUND(100*(0.45*(M25/5)+0.3*((AE25-MIN($AE$2:$AE$33))/(MAX($AE$2:$AE$33)-MIN($AE$2:$AE$33)))+0.25*((AB25-MIN($AB$2:$AB$33))/(MAX($AB$2:$AB$33)-MIN($AB$2:$AB$33)))),1),"") -> 39.4 | BI25: =IFERROR(ROUND(100*(0.3*((X25-MIN($X$2:$X$33))/(MAX($X$2:$X$33)-MIN($X$2:$X$33)))+0.25*((AO25-MIN($AO$2:$AO$33))/(MAX($AO$2:$AO$33)-MIN($AO$2:$AO$33)))+0.2*(L25/100)+0.25*((J25-MIN($J$2:$J$33))/(MAX($J$2:$J$33)-MIN($J$2:$J$33)))),1),"") -> 49.3 | BJ25: =IFERROR(MIN(5,ROUND((BG25*0.35+BH25*0.25+BI25*0.2+MIN(100,BC25*12)*0.2)/20,1)),"") -> 1.8 | BK25: Volcanic mineral control of abiotic ROS and Mn-oxidizing isolates
A26: PP1.1 | B26: Potter Peninsula | C26: 1 | D26: 1 | E26: -62.238252 | F26: -58.658016 | G26: Borde costero | H26: Costero con spray marino | I26: Reciente | J26: 335 | K26: 47 | L26: 16 | M26: 1.4 | N26: Seco-mineral | O26: Secuencia volcánica del King George Island Supergroup; andesita y depósitos glaciares/costeros | P26: clinochlore, albite, anorthite, quartz, ferrierite | Q26: clinochlore | R26: 8.681 | S26: 5.29 | T26: 80.4 | U26: 31300 | V26: 324.3 | W26: 9.99 | X26: 1.716 | Y26: 0.025 | Z26: 71.61 | AA26: -17.24 | AB26: 34.61 | AC26: 8.55 | AD26: 1.13 | AE26: 8.78 | AF26: 52.776 | AG26: 1.482 | AH26: 14.954 | AI26: 8.323 | AJ26: 0.149 | AK26: 6.842 | AL26: 1.955 | AM26: 1.326 | AN26: 0.206 | AO26: =IFERROR(100*(AH26/101.96)/((AH26/101.96)+(AK26/56.08)+(AL26/61.98)+(AM26/94.2)),"") -> 46.665836 | AP26: 29.49 | AQ26: 10.43 | AR26: 2.42 | AS26: 1.286 | AT26: =IFERROR(AQ26/AP26,"") -> 0.35367921 | AU26: =IFERROR(AS26/AP26,"") -> 0.043608003 | AV26: 0.547 | AW26: 1.5 | AX26: 1.7 | AY26: 0.628 | AZ26: 0.425 | BA26: 0.221 | BB26: 0.142 | BC26: 7 | BD26: 55.6 | BE26: 22.4 | BF26: 28.4 | BG26: =IFERROR(ROUND(100*(0.35*((AW26-MIN($AW$2:$AW$33))/(MAX($AW$2:$AW$33)-MIN($AW$2:$AW$33)))+0.3*((AX26-MIN($AX$2:$AX$33))/(MAX($AX$2:$AX$33)-MIN($AX$2:$AX$33)))+0.2*((AS26-MIN($AS$2:$AS$33))/(MAX($AS$2:$AS$33)-MIN($AS$2:$AS$33)))+0.15*((AV26-MIN($AV$2:$AV$33))/(MAX($AV$2:$AV$33)-MIN($AV$2:$AV$33)))),1),"") -> 20.5 | BH26: =IFERROR(ROUND(100*(0.45*(M26/5)+0.3*((AE26-MIN($AE$2:$AE$33))/(MAX($AE$2:$AE$33)-MIN($AE$2:$AE$33)))+0.25*((AB26-MIN($AB$2:$AB$33))/(MAX($AB$2:$AB$33)-MIN($AB$2:$AB$33)))),1),"") -> 38.3 | BI26: =IFERROR(ROUND(100*(0.3*((X26-MIN($X$2:$X$33))/(MAX($X$2:$X$33)-MIN($X$2:$X$33)))+0.25*((AO26-MIN($AO$2:$AO$33))/(MAX($AO$2:$AO$33)-MIN($AO$2:$AO$33)))+0.2*(L26/100)+0.25*((J26-MIN($J$2:$J$33))/(MAX($J$2:$J$33)-MIN($J$2:$J$33)))),1),"") -> 9.9 | BJ26: =IFERROR(MIN(5,ROUND((BG26*0.35+BH26*0.25+BI26*0.2+MIN(100,BC26*12)*0.2)/20,1)),"") -> 1.8 | BK26: Marine spray–glacial sediment contrast for salinity, P and ROS
A27: PP1.2 | B27: Potter Peninsula | C27: 1 | D27: 2 | E27: -62.237777 | F27: -58.658323 | G27: Pond/laguna marginal | H27: Laguna/suelo salino húmedo | I27: Temprana | J27: 522 | K27: 99 | L27: 23.1 | M27: 1.6 | N27: Húmedo | O27: Secuencia volcánica del King George Island Supergroup; andesita y depósitos glaciares/costeros | P27: quartz, zeolite, anorthite | Q27: magnetite/zeolita; Fe-óxidos secundarios | R27: 8.052 | S27: 5.233 | T27: 153.3 | U27: 26180 | V27: 328.1 | W27: 9.77 | X27: 0.691 | Y27: 0.014 | Z27: 56.36 | AA27: -24.39 | AB27: -16.29 | AC27: 5.1 | AD27: 0.91 | AE27: 9.59 | AF27: 58.874 | AG27: 1.458 | AH27: 18.621 | AI27: 8.325 | AJ27: 0.187 | AK27: 7.158 | AL27: 3.517 | AM27: 1.111 | AN27: 0.281 | AO27: =IFERROR(100*(AH27/101.96)/((AH27/101.96)+(AK27/56.08)+(AL27/61.98)+(AM27/94.2)),"") -> 48.211915 | AP27: 37.03 | AQ27: 15.71 | AR27: 3.25 | AS27: 3.35 | AT27: =IFERROR(AQ27/AP27,"") -> 0.42425061 | AU27: =IFERROR(AS27/AP27,"") -> 0.090467189 | AV27: 0.511 | AW27: 1.81 | AX27: 2.04 | AY27: 0.701 | AZ27: 0.509 | BA27: 0.192 | BB27: 0.089 | BC27: 3 | BD27: 68.8 | BE27: 4.2 | BF27: 31.7 | BG27: =IFERROR(ROUND(100*(0.35*((AW27-MIN($AW$2:$AW$33))/(MAX($AW$2:$AW$33)-MIN($AW$2:$AW$33)))+0.3*((AX27-MIN($AX$2:$AX$33))/(MAX($AX$2:$AX$33)-MIN($AX$2:$AX$33)))+0.2*((AS27-MIN($AS$2:$AS$33))/(MAX($AS$2:$AS$33)-MIN($AS$2:$AS$33)))+0.15*((AV27-MIN($AV$2:$AV$33))/(MAX($AV$2:$AV$33)-MIN($AV$2:$AV$33)))),1),"") -> 37.4 | BH27: =IFERROR(ROUND(100*(0.45*(M27/5)+0.3*((AE27-MIN($AE$2:$AE$33))/(MAX($AE$2:$AE$33)-MIN($AE$2:$AE$33)))+0.25*((AB27-MIN($AB$2:$AB$33))/(MAX($AB$2:$AB$33)-MIN($AB$2:$AB$33)))),1),"") -> 15.3 | BI27: =IFERROR(ROUND(100*(0.3*((X27-MIN($X$2:$X$33))/(MAX($X$2:$X$33)-MIN($X$2:$X$33)))+0.25*((AO27-MIN($AO$2:$AO$33))/(MAX($AO$2:$AO$33)-MIN($AO$2:$AO$33)))+0.2*(L27/100)+0.25*((J27-MIN($J$2:$J$33))/(MAX($J$2:$J$33)-MIN($J$2:$J$33)))),1),"") -> 13.9 | BJ27: =IFERROR(MIN(5,ROUND((BG27*0.35+BH27*0.25+BI27*0.2+MIN(100,BC27*12)*0.2)/20,1)),"") -> 1.3 | BK27: Marine spray–glacial sediment contrast for salinity, P and ROS
A28: PP1.3 | B28: Potter Peninsula | C28: 1 | D28: 3 | E28: -62.237267 | F28: -58.658766 | G28: Moraine | H28: Moraine vegetada | I28: Intermedia | J28: 652 | K28: 202 | L28: 24 | M28: 2.1 | N28: Intermedio | O28: Secuencia volcánica del King George Island Supergroup; andesita y depósitos glaciares/costeros | P28: zeolite, anorthite, quartz, nitratine, magnetite | Q28: magnetite, nitratine | R28: 8.523 | S28: 5.213 | T28: 74.8 | U28: 8276.7 | V28: 330.2 | W28: 9.49 | X28: 0.808 | Y28: 0.022 | Z28: 37.04 | AA28: -24.22 | AB28: 32.5 | AC28: 5.06 | AD28: 1.01 | AE28: 7.8 | AF28: 59.093 | AG28: 1.46 | AH28: 18.573 | AI28: 8.637 | AJ28: 0.175 | AK28: 6.402 | AL28: 3.541 | AM28: 1.21 | AN28: 0.31 | AO28: =IFERROR(100*(AH28/101.96)/((AH28/101.96)+(AK28/56.08)+(AL28/61.98)+(AM28/94.2)),"") -> 49.730406 | AP28: 48.34 | AQ28: 19.3 | AR28: 2.37 | AS28: 2.768 | AT28: =IFERROR(AQ28/AP28,"") -> 0.39925528 | AU28: =IFERROR(AS28/AP28,"") -> 0.057261067 | AV28: 0.669 | AW28: 1.28 | AX28: 1.57 | AY28: 0.648 | AZ28: 0.585 | BA28: 0.21 | BB28: 0.064 | BC28: 5 | BD28: 53.4 | BE28: 18 | BF28: 30.1 | BG28: =IFERROR(ROUND(100*(0.35*((AW28-MIN($AW$2:$AW$33))/(MAX($AW$2:$AW$33)-MIN($AW$2:$AW$33)))+0.3*((AX28-MIN($AX$2:$AX$33))/(MAX($AX$2:$AX$33)-MIN($AX$2:$AX$33)))+0.2*((AS28-MIN($AS$2:$AS$33))/(MAX($AS$2:$AS$33)-MIN($AS$2:$AS$33)))+0.15*((AV28-MIN($AV$2:$AV$33))/(MAX($AV$2:$AV$33)-MIN($AV$2:$AV$33)))),1),"") -> 23.3 | BH28: =IFERROR(ROUND(100*(0.45*(M28/5)+0.3*((AE28-MIN($AE$2:$AE$33))/(MAX($AE$2:$AE$33)-MIN($AE$2:$AE$33)))+0.25*((AB28-MIN($AB$2:$AB$33))/(MAX($AB$2:$AB$33)-MIN($AB$2:$AB$33)))),1),"") -> 43.3 | BI28: =IFERROR(ROUND(100*(0.3*((X28-MIN($X$2:$X$33))/(MAX($X$2:$X$33)-MIN($X$2:$X$33)))+0.25*((AO28-MIN($AO$2:$AO$33))/(MAX($AO$2:$AO$33)-MIN($AO$2:$AO$33)))+0.2*(L28/100)+0.25*((J28-MIN($J$2:$J$33))/(MAX($J$2:$J$33)-MIN($J$2:$J$33)))),1),"") -> 18.4 | BJ28: =IFERROR(MIN(5,ROUND((BG28*0.35+BH28*0.25+BI28*0.2+MIN(100,BC28*12)*0.2)/20,1)),"") -> 1.7 | BK28: Marine spray–glacial sediment contrast for salinity, P and ROS
A29: PP1.4 | B29: Potter Peninsula | C29: 1 | D29: 4 | E29: -62.237139 | F29: -58.658939 | G29: Terraza interior | H29: Terraza mineral estable | I29: Más estable | J29: 866 | K29: 430 | L29: 35.2 | M29: 2.9 | N29: Intermedio | O29: Secuencia volcánica del King George Island Supergroup; andesita y depósitos glaciares/costeros | P29: quartz, albite, hematite, anorthite, calcite, magnetite | Q29: hematite, magnetite | R29: 8.754 | S29: 6.567 | T29: 121.2 | U29: 11906.7 | V29: 284.4 | W29: 9.84 | X29: 1.621 | Y29: 0.03 | Z29: 56.88 | AA29: -15.81 | AB29: 32.11 | AC29: 4.56 | AD29: 0.93 | AE29: 14.32 | AF29: 52.145 | AG29: 1.238 | AH29: 18.343 | AI29: 7.377 | AJ29: 0.18 | AK29: 6.744 | AL29: 2.8 | AM29: 0.721 | AN29: 0.201 | AO29: =IFERROR(100*(AH29/101.96)/((AH29/101.96)+(AK29/56.08)+(AL29/61.98)+(AM29/94.2)),"") -> 50.965652 | AP29: 29.52 | AQ29: 11.96 | AR29: 2.23 | AS29: 1.232 | AT29: =IFERROR(AQ29/AP29,"") -> 0.40514905 | AU29: =IFERROR(AS29/AP29,"") -> 0.041734417 | AV29: 1.173 | AW29: 1.64 | AX29: 2.34 | AY29: 0.651 | AZ29: 0.411 | BA29: 0.312 | BB29: 0.132 | BC29: 4 | BD29: 66.8 | BE29: 16.7 | BF29: 40.2 | BG29: =IFERROR(ROUND(100*(0.35*((AW29-MIN($AW$2:$AW$33))/(MAX($AW$2:$AW$33)-MIN($AW$2:$AW$33)))+0.3*((AX29-MIN($AX$2:$AX$33))/(MAX($AX$2:$AX$33)-MIN($AX$2:$AX$33)))+0.2*((AS29-MIN($AS$2:$AS$33))/(MAX($AS$2:$AS$33)-MIN($AS$2:$AS$33)))+0.15*((AV29-MIN($AV$2:$AV$33))/(MAX($AV$2:$AV$33)-MIN($AV$2:$AV$33)))),1),"") -> 33.8 | BH29: =IFERROR(ROUND(100*(0.45*(M29/5)+0.3*((AE29-MIN($AE$2:$AE$33))/(MAX($AE$2:$AE$33)-MIN($AE$2:$AE$33)))+0.25*((AB29-MIN($AB$2:$AB$33))/(MAX($AB$2:$AB$33)-MIN($AB$2:$AB$33)))),1),"") -> 52.1 | BI29: =IFERROR(ROUND(100*(0.3*((X29-MIN($X$2:$X$33))/(MAX($X$2:$X$33)-MIN($X$2:$X$33)))+0.25*((AO29-MIN($AO$2:$AO$33))/(MAX($AO$2:$AO$33)-MIN($AO$2:$AO$33)))+0.2*(L29/100)+0.25*((J29-MIN($J$2:$J$33))/(MAX($J$2:$J$33)-MIN($J$2:$J$33)))),1),"") -> 28.7 | BJ29: =IFERROR(MIN(5,ROUND((BG29*0.35+BH29*0.25+BI29*0.2+MIN(100,BC29*12)*0.2)/20,1)),"") -> 2 | BK29: Marine spray–glacial sediment contrast for salinity, P and ROS
A30: GN1.1 | B30: Glaciar Nelson | C30: 1 | D30: 1 | E30: -62.297241 | F30: -59.047891 | G30: Proximal al hielo | H30: Till proglacial fresco | I30: Reciente | J30: 165 | K30: 353 | L30: 6.7 | M30: 0.5 | N30: Húmedo | O30: Material proglacial fresco y till volcánico; baja madurez pedogénica | P30: pendiente XRD | Q30: magnetite-ilmenita en till fresco | R30: 8.343 | S30: 6.104 | T30: 199.2 | U30: 29.1 | V30: 286.3 | W30: 10.64 | X30: 3.386 | Y30: 0.347 | Z30: 12.72 | AA30: -22.65 | AB30: -6.51 | AE30: 24.49 | AF30: 47.68 | AG30: 1.247 | AH30: 21.359 | AI30: 8.384 | AJ30: 0.142 | AK30: 4.712 | AL30: 2.564 | AM30: 0.716 | AN30: 0.068 | AO30: =IFERROR(100*(AH30/101.96)/((AH30/101.96)+(AK30/56.08)+(AL30/61.98)+(AM30/94.2)),"") -> 61.167536 | AP30: 30.36 | AQ30: 16.51 | AR30: 2.54 | AS30: 2.048 | AT30: =IFERROR(AQ30/AP30,"") -> 0.54380764 | AU30: =IFERROR(AS30/AP30,"") -> 0.067457181 | AV30: 0.474 | AW30: 1.4 | AX30: 1.38 | AY30: 0.701 | AZ30: 0.247 | BA30: 0.123 | BB30: 0.211 | BC30: 5 | BD30: 38.2 | BE30: 35 | BF30: 46.5 | BG30: =IFERROR(ROUND(100*(0.35*((AW30-MIN($AW$2:$AW$33))/(MAX($AW$2:$AW$33)-MIN($AW$2:$AW$33)))+0.3*((AX30-MIN($AX$2:$AX$33))/(MAX($AX$2:$AX$33)-MIN($AX$2:$AX$33)))+0.2*((AS30-MIN($AS$2:$AS$33))/(MAX($AS$2:$AS$33)-MIN($AS$2:$AS$33)))+0.15*((AV30-MIN($AV$2:$AV$33))/(MAX($AV$2:$AV$33)-MIN($AV$2:$AV$33)))),1),"") -> 19.3 | BH30: =IFERROR(ROUND(100*(0.45*(M30/5)+0.3*((AE30-MIN($AE$2:$AE$33))/(MAX($AE$2:$AE$33)-MIN($AE$2:$AE$33)))+0.25*((AB30-MIN($AB$2:$AB$33))/(MAX($AB$2:$AB$33)-MIN($AB$2:$AB$33)))),1),"") -> 14.4 | BI30: =IFERROR(ROUND(100*(0.3*((X30-MIN($X$2:$X$33))/(MAX($X$2:$X$33)-MIN($X$2:$X$33)))+0.25*((AO30-MIN($AO$2:$AO$33))/(MAX($AO$2:$AO$33)-MIN($AO$2:$AO$33)))+0.2*(L30/100)+0.25*((J30-MIN($J$2:$J$33))/(MAX($J$2:$J$33)-MIN($J$2:$J$33)))),1),"") -> 19.1 | BJ30: =IFERROR(MIN(5,ROUND((BG30*0.35+BH30*0.25+BI30*0.2+MIN(100,BC30*12)*0.2)/20,1)),"") -> 1.3 | BK30: Fresh proglacial mineral substrate as low-C redox baseline
A31: GN1.2 | B31: Glaciar Nelson | C31: 1 | D31: 2 | E31: -62.296523 | F31: -59.048156 | G31: Moraine frontal | H31: Moraine húmeda joven | I31: Temprana | J31: 235 | K31: 472 | L31: 8.7 | M31: 0.8 | N31: Húmedo | O31: Material proglacial fresco y till volcánico; baja madurez pedogénica | P31: pendiente XRD | Q31: magnetite-ilmenita en till fresco | R31: 7.139 | S31: 6.435 | T31: 113.5 | U31: 121.1 | V31: 300.9 | W31: 9.77 | X31: 3.055 | Y31: 0.203 | Z31: 18.17 | AA31: -29.3 | AB31: -4.24 | AE31: 22.98 | AF31: 53.445 | AG31: 1.495 | AH31: 15.766 | AI31: 7.92 | AJ31: 0.225 | AK31: 4.703 | AL31: 2.069 | AM31: 0.571 | AN31: 0.039 | AO31: =IFERROR(100*(AH31/101.96)/((AH31/101.96)+(AK31/56.08)+(AL31/61.98)+(AM31/94.2)),"") -> 55.635064 | AP31: 49.69 | AQ31: 25.75 | AR31: 1.37 | AS31: 3.145 | AT31: =IFERROR(AQ31/AP31,"") -> 0.51821292 | AU31: =IFERROR(AS31/AP31,"") -> 0.063292413 | AV31: 1.464 | AW31: 1.82 | AX31: 2.57 | AY31: 0.604 | AZ31: 0.185 | BA31: 0.111 | BB31: 0.169 | BC31: 5 | BD31: 35.2 | BE31: 22.4 | BF31: 63 | BG31: =IFERROR(ROUND(100*(0.35*((AW31-MIN($AW$2:$AW$33))/(MAX($AW$2:$AW$33)-MIN($AW$2:$AW$33)))+0.3*((AX31-MIN($AX$2:$AX$33))/(MAX($AX$2:$AX$33)-MIN($AX$2:$AX$33)))+0.2*((AS31-MIN($AS$2:$AS$33))/(MAX($AS$2:$AS$33)-MIN($AS$2:$AS$33)))+0.15*((AV31-MIN($AV$2:$AV$33))/(MAX($AV$2:$AV$33)-MIN($AV$2:$AV$33)))),1),"") -> 50.6 | BH31: =IFERROR(ROUND(100*(0.45*(M31/5)+0.3*((AE31-MIN($AE$2:$AE$33))/(MAX($AE$2:$AE$33)-MIN($AE$2:$AE$33)))+0.25*((AB31-MIN($AB$2:$AB$33))/(MAX($AB$2:$AB$33)-MIN($AB$2:$AB$33)))),1),"") -> 17.8 | BI31: =IFERROR(ROUND(100*(0.3*((X31-MIN($X$2:$X$33))/(MAX($X$2:$X$33)-MIN($X$2:$X$33)))+0.25*((AO31-MIN($AO$2:$AO$33))/(MAX($AO$2:$AO$33)-MIN($AO$2:$AO$33)))+0.2*(L31/100)+0.25*((J31-MIN($J$2:$J$33))/(MAX($J$2:$J$33)-MIN($J$2:$J$33)))),1),"") -> 16.3 | BJ31: =IFERROR(MIN(5,ROUND((BG31*0.35+BH31*0.25+BI31*0.2+MIN(100,BC31*12)*0.2)/20,1)),"") -> 1.9 | BK31: Fresh proglacial mineral substrate as low-C redox baseline
A32: GN1.3 | B32: Glaciar Nelson | C32: 1 | D32: 3 | E32: -62.296573 | F32: -59.048829 | G32: Canal meltwater | H32: Canal de fusión | I32: Intermedia | J32: 343 | K32: 605 | L32: 14.6 | M32: 0.8 | N32: Húmedo | O32: Material proglacial fresco y till volcánico; baja madurez pedogénica | P32: pendiente XRD | Q32: magnetite-ilmenita en till fresco | R32: 8.169 | S32: 6.667 | T32: 66.8 | U32: 128.7 | V32: 305.9 | W32: 9.73 | X32: 2.389 | Y32: 0.18 | Z32: 13.23 | AA32: -27.82 | AB32: 0.84 | AE32: 20.21 | AF32: 48.536 | AG32: 1.089 | AH32: 15.376 | AI32: 8.061 | AJ32: 0.143 | AK32: 6.965 | AL32: 2.188 | AM32: 0.726 | AN32: 0.138 | AO32: =IFERROR(100*(AH32/101.96)/((AH32/101.96)+(AK32/56.08)+(AL32/61.98)+(AM32/94.2)),"") -> 47.421146 | AP32: 27.35 | AQ32: 9.95 | AR32: 0.65 | AS32: 1.765 | AT32: =IFERROR(AQ32/AP32,"") -> 0.36380256 | AU32: =IFERROR(AS32/AP32,"") -> 0.064533821 | AV32: 0.488 | AW32: 1.4 | AX32: 1.68 | AY32: 0.594 | AZ32: 0.347 | BA32: 0.207 | BB32: 0.134 | BC32: 5 | BD32: 55.8 | BE32: 27.9 | BF32: 52.2 | BG32: =IFERROR(ROUND(100*(0.35*((AW32-MIN($AW$2:$AW$33))/(MAX($AW$2:$AW$33)-MIN($AW$2:$AW$33)))+0.3*((AX32-MIN($AX$2:$AX$33))/(MAX($AX$2:$AX$33)-MIN($AX$2:$AX$33)))+0.2*((AS32-MIN($AS$2:$AS$33))/(MAX($AS$2:$AS$33)-MIN($AS$2:$AS$33)))+0.15*((AV32-MIN($AV$2:$AV$33))/(MAX($AV$2:$AV$33)-MIN($AV$2:$AV$33)))),1),"") -> 19.8 | BH32: =IFERROR(ROUND(100*(0.45*(M32/5)+0.3*((AE32-MIN($AE$2:$AE$33))/(MAX($AE$2:$AE$33)-MIN($AE$2:$AE$33)))+0.25*((AB32-MIN($AB$2:$AB$33))/(MAX($AB$2:$AB$33)-MIN($AB$2:$AB$33)))),1),"") -> 19.5 | BI32: =IFERROR(ROUND(100*(0.3*((X32-MIN($X$2:$X$33))/(MAX($X$2:$X$33)-MIN($X$2:$X$33)))+0.25*((AO32-MIN($AO$2:$AO$33))/(MAX($AO$2:$AO$33)-MIN($AO$2:$AO$33)))+0.2*(L32/100)+0.25*((J32-MIN($J$2:$J$33))/(MAX($J$2:$J$33)-MIN($J$2:$J$33)))),1),"") -> 12.2 | BJ32: =IFERROR(MIN(5,ROUND((BG32*0.35+BH32*0.25+BI32*0.2+MIN(100,BC32*12)*0.2)/20,1)),"") -> 1.3 | BK32: Fresh proglacial mineral substrate as low-C redox baseline
A33: GN1.4 | B33: Glaciar Nelson | C33: 1 | D33: 4 | E33: -62.296001 | F33: -59.04932 | G33: Llanura proglacial | H33: Terraza deglaciada inicial | I33: Más estable | J33: 465 | K33: 815 | L33: 17.1 | M33: 1 | N33: Húmedo | O33: Material proglacial fresco y till volcánico; baja madurez pedogénica | P33: pendiente XRD | Q33: magnetite-ilmenita en till fresco | R33: 7.817 | S33: 7.195 | T33: 60.5 | U33: 212.9 | V33: 293.2 | W33: 9.34 | X33: 2.716 | Y33: 0.223 | Z33: 13.08 | AA33: -26.72 | AB33: -3.19 | AE33: 8.38 | AF33: 49.076 | AG33: 0.976 | AH33: 17.055 | AI33: 11.36 | AJ33: 0.157 | AK33: 7.733 | AL33: 1.684 | AM33: 0.308 | AN33: 0.043 | AO33: =IFERROR(100*(AH33/101.96)/((AH33/101.96)+(AK33/56.08)+(AL33/61.98)+(AM33/94.2)),"") -> 49.841999 | AP33: 56.75 | AQ33: 17.68 | AR33: 2.3 | AS33: 5.348 | AT33: =IFERROR(AQ33/AP33,"") -> 0.31154185 | AU33: =IFERROR(AS33/AP33,"") -> 0.094237885 | AV33: 0.618 | AW33: 1.6 | AX33: 2.95 | AY33: 0.595 | AZ33: 0.129 | BA33: 0.189 | BB33: 0.177 | BC33: 6 | BD33: 68.1 | BE33: 23 | BF33: 39.6 | BG33: =IFERROR(ROUND(100*(0.35*((AW33-MIN($AW$2:$AW$33))/(MAX($AW$2:$AW$33)-MIN($AW$2:$AW$33)))+0.3*((AX33-MIN($AX$2:$AX$33))/(MAX($AX$2:$AX$33)-MIN($AX$2:$AX$33)))+0.2*((AS33-MIN($AS$2:$AS$33))/(MAX($AS$2:$AS$33)-MIN($AS$2:$AS$33)))+0.15*((AV33-MIN($AV$2:$AV$33))/(MAX($AV$2:$AV$33)-MIN($AV$2:$AV$33)))),1),"") -> 47.9 | BH33: =IFERROR(ROUND(100*(0.45*(M33/5)+0.3*((AE33-MIN($AE$2:$AE$33))/(MAX($AE$2:$AE$33)-MIN($AE$2:$AE$33)))+0.25*((AB33-MIN($AB$2:$AB$33))/(MAX($AB$2:$AB$33)-MIN($AB$2:$AB$33)))),1),"") -> 16 | BI33: =IFERROR(ROUND(100*(0.3*((X33-MIN($X$2:$X$33))/(MAX($X$2:$X$33)-MIN($X$2:$X$33)))+0.25*((AO33-MIN($AO$2:$AO$33))/(MAX($AO$2:$AO$33)-MIN($AO$2:$AO$33)))+0.2*(L33/100)+0.25*((J33-MIN($J$2:$J$33))/(MAX($J$2:$J$33)-MIN($J$2:$J$33)))),1),"") -> 18.2 | BJ33: =IFERROR(MIN(5,ROUND((BG33*0.35+BH33*0.25+BI33*0.2+MIN(100,BC33*12)*0.2)/20,1)),"") -> 1.9 | BK33: Fresh proglacial mineral substrate as low-C redox baseline

Sheet XRF_rocas_QC
A1: Numero | B1: N_cronosecuencia | C1: Sitio | D1: Codigo | E1: Rep | F1: SiO2 | G1: TiO2 | H1: Al2O3 | I1: Fe2O3 | J1: FeO | K1: MnO | L1: MgO | M1: CaO | N1: Na2O | O1: K2O | P1: P2O5 | Q1: BaO | R1: Cr2O3 | S1: SO3 | T1: V2O5 | U1: ZnO | V1: ZrO2 | W1: SrO | X1: Rb2O | Y1: As2O3 | Z1: Suma_oxidos_pct | AA1: QC_flag | AB1: Regla_correccion
A2: =IF('XRF rocas'!A2="","",'XRF rocas'!A2) -> 1 | B2: =IF('XRF rocas'!B2="","",'XRF rocas'!B2) -> 1 | C2: =IF('XRF rocas'!C2="","",'XRF rocas'!C2) -> Bellingshausen Dome | D2: =IF('XRF rocas'!D2="","",'XRF rocas'!D2) -> BH1.1 | E2: =IF('XRF rocas'!E2="","",'XRF rocas'!E2) -> 1 | F2: =IF('XRF rocas'!F2="","",IFERROR(IF(VALUE('XRF rocas'!F2)>100,VALUE('XRF rocas'!F2)/1000,VALUE('XRF rocas'!F2)),"")) -> 45.766 | G2: =IF('XRF rocas'!G2="","",IFERROR(IF(VALUE('XRF rocas'!G2)>100,VALUE('XRF rocas'!G2)/1000,VALUE('XRF rocas'!G2)),"")) -> 1.083 | H2: =IF('XRF rocas'!H2="","",IFERROR(IF(VALUE('XRF rocas'!H2)>100,VALUE('XRF rocas'!H2)/1000,VALUE('XRF rocas'!H2)),"")) -> 13.716 | I2: =IF('XRF rocas'!I2="","",IFERROR(IF(VALUE('XRF rocas'!I2)>100,VALUE('XRF rocas'!I2)/1000,VALUE('XRF rocas'!I2)),"")) -> 5.73 | J2: =IF('XRF rocas'!J2="","",IFERROR(IF(VALUE('XRF rocas'!J2)>100,VALUE('XRF rocas'!J2)/1000,VALUE('XRF rocas'!J2)),"")) -> 0.234 | K2: =IF('XRF rocas'!K2="","",IFERROR(IF(VALUE('XRF rocas'!K2)>100,VALUE('XRF rocas'!K2)/1000,VALUE('XRF rocas'!K2)),"")) -> 2.468 | L2: =IF('XRF rocas'!L2="","",IFERROR(IF(VALUE('XRF rocas'!L2)>100,VALUE('XRF rocas'!L2)/1000,VALUE('XRF rocas'!L2)),"")) -> 5.902 | M2: =IF('XRF rocas'!M2="","",IFERROR(IF(VALUE('XRF rocas'!M2)>100,VALUE('XRF rocas'!M2)/1000,VALUE('XRF rocas'!M2)),"")) -> 45.766 | ... Y2: =IF('XRF rocas'!Y2="","",IFERROR(IF(VALUE('XRF rocas'!Y2)>100,VALUE('XRF rocas'!Y2)/1000,VALUE('XRF rocas'!Y2)),"")) -> 0.001 | Z2: =IF(COUNT(F2:Y2)=0,"",SUM(F2:Y2)) -> 122.671 | AA2: =IF(COUNT(F2:Y2)=0,"sin dato",IF(OR(Z2<80,Z2>110),"revisar suma/escala","escala comparable")) -> revisar suma/escala | AB2: Valores >100 divididos por 1000; decimales conservados.
A3: =IF('XRF rocas'!A3="","",'XRF rocas'!A3) | B3: =IF('XRF rocas'!B3="","",'XRF rocas'!B3) | C3: =IF('XRF rocas'!C3="","",'XRF rocas'!C3) | D3: =IF('XRF rocas'!D3="","",'XRF rocas'!D3) | E3: =IF('XRF rocas'!E3="","",'XRF rocas'!E3) -> 2 | F3: =IF('XRF rocas'!F3="","",IFERROR(IF(VALUE('XRF rocas'!F3)>100,VALUE('XRF rocas'!F3)/1000,VALUE('XRF rocas'!F3)),"")) -> 36.748 | G3: =IF('XRF rocas'!G3="","",IFERROR(IF(VALUE('XRF rocas'!G3)>100,VALUE('XRF rocas'!G3)/1000,VALUE('XRF rocas'!G3)),"")) -> 0.565 | H3: =IF('XRF rocas'!H3="","",IFERROR(IF(VALUE('XRF rocas'!H3)>100,VALUE('XRF rocas'!H3)/1000,VALUE('XRF rocas'!H3)),"")) -> 15.934 | I3: =IF('XRF rocas'!I3="","",IFERROR(IF(VALUE('XRF rocas'!I3)>100,VALUE('XRF rocas'!I3)/1000,VALUE('XRF rocas'!I3)),"")) -> 5.97 | J3: =IF('XRF rocas'!J3="","",IFERROR(IF(VALUE('XRF rocas'!J3)>100,VALUE('XRF rocas'!J3)/1000,VALUE('XRF rocas'!J3)),"")) -> 0.115 | K3: =IF('XRF rocas'!K3="","",IFERROR(IF(VALUE('XRF rocas'!K3)>100,VALUE('XRF rocas'!K3)/1000,VALUE('XRF rocas'!K3)),"")) -> 3.083 | L3: =IF('XRF rocas'!L3="","",IFERROR(IF(VALUE('XRF rocas'!L3)>100,VALUE('XRF rocas'!L3)/1000,VALUE('XRF rocas'!L3)),"")) -> 8.393 | M3: =IF('XRF rocas'!M3="","",IFERROR(IF(VALUE('XRF rocas'!M3)>100,VALUE('XRF rocas'!M3)/1000,VALUE('XRF rocas'!M3)),"")) -> 2.412 | ... Y3: =IF('XRF rocas'!Y3="","",IFERROR(IF(VALUE('XRF rocas'!Y3)>100,VALUE('XRF rocas'!Y3)/1000,VALUE('XRF rocas'!Y3)),"")) -> 0.001 | Z3: =IF(COUNT(F3:Y3)=0,"",SUM(F3:Y3)) -> 73.726 | AA3: =IF(COUNT(F3:Y3)=0,"sin dato",IF(OR(Z3<80,Z3>110),"revisar suma/escala","escala comparable")) -> revisar suma/escala | AB3: Valores >100 divididos por 1000; decimales conservados.
A4: =IF('XRF rocas'!A4="","",'XRF rocas'!A4) -> 2 | B4: =IF('XRF rocas'!B4="","",'XRF rocas'!B4) -> 2 | C4: =IF('XRF rocas'!C4="","",'XRF rocas'!C4) -> Bellingshausen Dome | D4: =IF('XRF rocas'!D4="","",'XRF rocas'!D4) -> BH1.2 | E4: =IF('XRF rocas'!E4="","",'XRF rocas'!E4) -> 1 | F4: =IF('XRF rocas'!F4="","",IFERROR(IF(VALUE('XRF rocas'!F4)>100,VALUE('XRF rocas'!F4)/1000,VALUE('XRF rocas'!F4)),"")) -> 36.354 | G4: =IF('XRF rocas'!G4="","",IFERROR(IF(VALUE('XRF rocas'!G4)>100,VALUE('XRF rocas'!G4)/1000,VALUE('XRF rocas'!G4)),"")) -> 0.438 | H4: =IF('XRF rocas'!H4="","",IFERROR(IF(VALUE('XRF rocas'!H4)>100,VALUE('XRF rocas'!H4)/1000,VALUE('XRF rocas'!H4)),"")) -> 15.987 | I4: =IF('XRF rocas'!I4="","",IFERROR(IF(VALUE('XRF rocas'!I4)>100,VALUE('XRF rocas'!I4)/1000,VALUE('XRF rocas'!I4)),"")) -> 5.401 | J4: =IF('XRF rocas'!J4="","",IFERROR(IF(VALUE('XRF rocas'!J4)>100,VALUE('XRF rocas'!J4)/1000,VALUE('XRF rocas'!J4)),"")) -> 0.135 | K4: =IF('XRF rocas'!K4="","",IFERROR(IF(VALUE('XRF rocas'!K4)>100,VALUE('XRF rocas'!K4)/1000,VALUE('XRF rocas'!K4)),"")) -> 4.949 | L4: =IF('XRF rocas'!L4="","",IFERROR(IF(VALUE('XRF rocas'!L4)>100,VALUE('XRF rocas'!L4)/1000,VALUE('XRF rocas'!L4)),"")) -> 9.834 | M4: =IF('XRF rocas'!M4="","",IFERROR(IF(VALUE('XRF rocas'!M4)>100,VALUE('XRF rocas'!M4)/1000,VALUE('XRF rocas'!M4)),"")) -> 1.659 | ... Y4: =IF('XRF rocas'!Y4="","",IFERROR(IF(VALUE('XRF rocas'!Y4)>100,VALUE('XRF rocas'!Y4)/1000,VALUE('XRF rocas'!Y4)),"")) -> 0.001 | Z4: =IF(COUNT(F4:Y4)=0,"",SUM(F4:Y4)) -> 75.429 | AA4: =IF(COUNT(F4:Y4)=0,"sin dato",IF(OR(Z4<80,Z4>110),"revisar suma/escala","escala comparable")) -> revisar suma/escala | AB4: Valores >100 divididos por 1000; decimales conservados.
A5: =IF('XRF rocas'!A5="","",'XRF rocas'!A5) | B5: =IF('XRF rocas'!B5="","",'XRF rocas'!B5) | C5: =IF('XRF rocas'!C5="","",'XRF rocas'!C5) | D5: =IF('XRF rocas'!D5="","",'XRF rocas'!D5) | E5: =IF('XRF rocas'!E5="","",'XRF rocas'!E5) -> 2 | F5: =IF('XRF rocas'!F5="","",IFERROR(IF(VALUE('XRF rocas'!F5)>100,VALUE('XRF rocas'!F5)/1000,VALUE('XRF rocas'!F5)),"")) -> 65.078 | G5: =IF('XRF rocas'!G5="","",IFERROR(IF(VALUE('XRF rocas'!G5)>100,VALUE('XRF rocas'!G5)/1000,VALUE('XRF rocas'!G5)),"")) -> 0.283 | H5: =IF('XRF rocas'!H5="","",IFERROR(IF(VALUE('XRF rocas'!H5)>100,VALUE('XRF rocas'!H5)/1000,VALUE('XRF rocas'!H5)),"")) -> 6.64 | I5: =IF('XRF rocas'!I5="","",IFERROR(IF(VALUE('XRF rocas'!I5)>100,VALUE('XRF rocas'!I5)/1000,VALUE('XRF rocas'!I5)),"")) -> 2.201 | J5: =IF('XRF rocas'!J5="","",IFERROR(IF(VALUE('XRF rocas'!J5)>100,VALUE('XRF rocas'!J5)/1000,VALUE('XRF rocas'!J5)),"")) -> 0.085 | K5: =IF('XRF rocas'!K5="","",IFERROR(IF(VALUE('XRF rocas'!K5)>100,VALUE('XRF rocas'!K5)/1000,VALUE('XRF rocas'!K5)),"")) -> 1.291 | L5: =IF('XRF rocas'!L5="","",IFERROR(IF(VALUE('XRF rocas'!L5)>100,VALUE('XRF rocas'!L5)/1000,VALUE('XRF rocas'!L5)),"")) -> 5.128 | M5: =IF('XRF rocas'!M5="","",IFERROR(IF(VALUE('XRF rocas'!M5)>100,VALUE('XRF rocas'!M5)/1000,VALUE('XRF rocas'!M5)),"")) -> 1.333 | ... Y5: =IF('XRF rocas'!Y5="","",IFERROR(IF(VALUE('XRF rocas'!Y5)>100,VALUE('XRF rocas'!Y5)/1000,VALUE('XRF rocas'!Y5)),"")) -> 0.001 | Z5: =IF(COUNT(F5:Y5)=0,"",SUM(F5:Y5)) -> 82.99 | AA5: =IF(COUNT(F5:Y5)=0,"sin dato",IF(OR(Z5<80,Z5>110),"revisar suma/escala","escala comparable")) -> escala comparable | AB5: Valores >100 divididos por 1000; decimales conservados.
A6: =IF('XRF rocas'!A6="","",'XRF rocas'!A6) -> 3 | B6: =IF('XRF rocas'!B6="","",'XRF rocas'!B6) -> 3 | C6: =IF('XRF rocas'!C6="","",'XRF rocas'!C6) -> Bellingshausen Dome | D6: =IF('XRF rocas'!D6="","",'XRF rocas'!D6) -> BH1.3 | E6: =IF('XRF rocas'!E6="","",'XRF rocas'!E6) -> 1 | F6: =IF('XRF rocas'!F6="","",IFERROR(IF(VALUE('XRF rocas'!F6)>100,VALUE('XRF rocas'!F6)/1000,VALUE('XRF rocas'!F6)),"")) -> 37.43 | G6: =IF('XRF rocas'!G6="","",IFERROR(IF(VALUE('XRF rocas'!G6)>100,VALUE('XRF rocas'!G6)/1000,VALUE('XRF rocas'!G6)),"")) -> 0.468 | H6: =IF('XRF rocas'!H6="","",IFERROR(IF(VALUE('XRF rocas'!H6)>100,VALUE('XRF rocas'!H6)/1000,VALUE('XRF rocas'!H6)),"")) -> 14.726 | I6: =IF('XRF rocas'!I6="","",IFERROR(IF(VALUE('XRF rocas'!I6)>100,VALUE('XRF rocas'!I6)/1000,VALUE('XRF rocas'!I6)),"")) -> 6.175 | J6: =IF('XRF rocas'!J6="","",IFERROR(IF(VALUE('XRF rocas'!J6)>100,VALUE('XRF rocas'!J6)/1000,VALUE('XRF rocas'!J6)),"")) -> 0.136 | K6: =IF('XRF rocas'!K6="","",IFERROR(IF(VALUE('XRF rocas'!K6)>100,VALUE('XRF rocas'!K6)/1000,VALUE('XRF rocas'!K6)),"")) -> 6.175 | L6: =IF('XRF rocas'!L6="","",IFERROR(IF(VALUE('XRF rocas'!L6)>100,VALUE('XRF rocas'!L6)/1000,VALUE('XRF rocas'!L6)),"")) -> 8.156 | M6: =IF('XRF rocas'!M6="","",IFERROR(IF(VALUE('XRF rocas'!M6)>100,VALUE('XRF rocas'!M6)/1000,VALUE('XRF rocas'!M6)),"")) -> 2.942 | ... Y6: =IF('XRF rocas'!Y6="","",IFERROR(IF(VALUE('XRF rocas'!Y6)>100,VALUE('XRF rocas'!Y6)/1000,VALUE('XRF rocas'!Y6)),"")) -> 0.001 | Z6: =IF(COUNT(F6:Y6)=0,"",SUM(F6:Y6)) -> 76.75 | AA6: =IF(COUNT(F6:Y6)=0,"sin dato",IF(OR(Z6<80,Z6>110),"revisar suma/escala","escala comparable")) -> revisar suma/escala | AB6: Valores >100 divididos por 1000; decimales conservados.
A7: =IF('XRF rocas'!A7="","",'XRF rocas'!A7) | B7: =IF('XRF rocas'!B7="","",'XRF rocas'!B7) | C7: =IF('XRF rocas'!C7="","",'XRF rocas'!C7) | D7: =IF('XRF rocas'!D7="","",'XRF rocas'!D7) | E7: =IF('XRF rocas'!E7="","",'XRF rocas'!E7) -> 2 | F7: =IF('XRF rocas'!F7="","",IFERROR(IF(VALUE('XRF rocas'!F7)>100,VALUE('XRF rocas'!F7)/1000,VALUE('XRF rocas'!F7)),"")) -> 44.413 | G7: =IF('XRF rocas'!G7="","",IFERROR(IF(VALUE('XRF rocas'!G7)>100,VALUE('XRF rocas'!G7)/1000,VALUE('XRF rocas'!G7)),"")) -> 0.584 | H7: =IF('XRF rocas'!H7="","",IFERROR(IF(VALUE('XRF rocas'!H7)>100,VALUE('XRF rocas'!H7)/1000,VALUE('XRF rocas'!H7)),"")) -> 12.672 | I7: =IF('XRF rocas'!I7="","",IFERROR(IF(VALUE('XRF rocas'!I7)>100,VALUE('XRF rocas'!I7)/1000,VALUE('XRF rocas'!I7)),"")) -> 4.378 | J7: =IF('XRF rocas'!J7="","",IFERROR(IF(VALUE('XRF rocas'!J7)>100,VALUE('XRF rocas'!J7)/1000,VALUE('XRF rocas'!J7)),"")) -> 0.14 | K7: =IF('XRF rocas'!K7="","",IFERROR(IF(VALUE('XRF rocas'!K7)>100,VALUE('XRF rocas'!K7)/1000,VALUE('XRF rocas'!K7)),"")) -> 4.792 | L7: =IF('XRF rocas'!L7="","",IFERROR(IF(VALUE('XRF rocas'!L7)>100,VALUE('XRF rocas'!L7)/1000,VALUE('XRF rocas'!L7)),"")) -> 6.993 | M7: =IF('XRF rocas'!M7="","",IFERROR(IF(VALUE('XRF rocas'!M7)>100,VALUE('XRF rocas'!M7)/1000,VALUE('XRF rocas'!M7)),"")) -> 2.88 | ... Y7: =IF('XRF rocas'!Y7="","",IFERROR(IF(VALUE('XRF rocas'!Y7)>100,VALUE('XRF rocas'!Y7)/1000,VALUE('XRF rocas'!Y7)),"")) -> 0.001 | Z7: =IF(COUNT(F7:Y7)=0,"",SUM(F7:Y7)) -> 77.864 | AA7: =IF(COUNT(F7:Y7)=0,"sin dato",IF(OR(Z7<80,Z7>110),"revisar suma/escala","escala comparable")) -> revisar suma/escala | AB7: Valores >100 divididos por 1000; decimales conservados.
A8: =IF('XRF rocas'!A8="","",'XRF rocas'!A8) | B8: =IF('XRF rocas'!B8="","",'XRF rocas'!B8) | C8: =IF('XRF rocas'!C8="","",'XRF rocas'!C8) | D8: =IF('XRF rocas'!D8="","",'XRF rocas'!D8) | E8: =IF('XRF rocas'!E8="","",'XRF rocas'!E8) -> 3 | F8: =IF('XRF rocas'!F8="","",IFERROR(IF(VALUE('XRF rocas'!F8)>100,VALUE('XRF rocas'!F8)/1000,VALUE('XRF rocas'!F8)),"")) -> 35.159 | G8: =IF('XRF rocas'!G8="","",IFERROR(IF(VALUE('XRF rocas'!G8)>100,VALUE('XRF rocas'!G8)/1000,VALUE('XRF rocas'!G8)),"")) -> 0.432 | H8: =IF('XRF rocas'!H8="","",IFERROR(IF(VALUE('XRF rocas'!H8)>100,VALUE('XRF rocas'!H8)/1000,VALUE('XRF rocas'!H8)),"")) -> 21.867 | I8: =IF('XRF rocas'!I8="","",IFERROR(IF(VALUE('XRF rocas'!I8)>100,VALUE('XRF rocas'!I8)/1000,VALUE('XRF rocas'!I8)),"")) -> 4.153 | J8: =IF('XRF rocas'!J8="","",IFERROR(IF(VALUE('XRF rocas'!J8)>100,VALUE('XRF rocas'!J8)/1000,VALUE('XRF rocas'!J8)),"")) -> 0.073 | K8: =IF('XRF rocas'!K8="","",IFERROR(IF(VALUE('XRF rocas'!K8)>100,VALUE('XRF rocas'!K8)/1000,VALUE('XRF rocas'!K8)),"")) -> 1.265 | L8: =IF('XRF rocas'!L8="","",IFERROR(IF(VALUE('XRF rocas'!L8)>100,VALUE('XRF rocas'!L8)/1000,VALUE('XRF rocas'!L8)),"")) -> 10.565 | M8: =IF('XRF rocas'!M8="","",IFERROR(IF(VALUE('XRF rocas'!M8)>100,VALUE('XRF rocas'!M8)/1000,VALUE('XRF rocas'!M8)),"")) -> 3.373 | ... Y8: =IF('XRF rocas'!Y8="","",IFERROR(IF(VALUE('XRF rocas'!Y8)>100,VALUE('XRF rocas'!Y8)/1000,VALUE('XRF rocas'!Y8)),"")) -> 0.001 | Z8: =IF(COUNT(F8:Y8)=0,"",SUM(F8:Y8)) -> 77.153 | AA8: =IF(COUNT(F8:Y8)=0,"sin dato",IF(OR(Z8<80,Z8>110),"revisar suma/escala","escala comparable")) -> revisar suma/escala | AB8: Valores >100 divididos por 1000; decimales conservados.
A9: =IF('XRF rocas'!A9="","",'XRF rocas'!A9) | B9: =IF('XRF rocas'!B9="","",'XRF rocas'!B9) | C9: =IF('XRF rocas'!C9="","",'XRF rocas'!C9) | D9: =IF('XRF rocas'!D9="","",'XRF rocas'!D9) | E9: =IF('XRF rocas'!E9="","",'XRF rocas'!E9) -> 4 | F9: =IF('XRF rocas'!F9="","",IFERROR(IF(VALUE('XRF rocas'!F9)>100,VALUE('XRF rocas'!F9)/1000,VALUE('XRF rocas'!F9)),"")) -> 30.789 | G9: =IF('XRF rocas'!G9="","",IFERROR(IF(VALUE('XRF rocas'!G9)>100,VALUE('XRF rocas'!G9)/1000,VALUE('XRF rocas'!G9)),"")) -> 0.422 | H9: =IF('XRF rocas'!H9="","",IFERROR(IF(VALUE('XRF rocas'!H9)>100,VALUE('XRF rocas'!H9)/1000,VALUE('XRF rocas'!H9)),"")) -> 17.047 | I9: =IF('XRF rocas'!I9="","",IFERROR(IF(VALUE('XRF rocas'!I9)>100,VALUE('XRF rocas'!I9)/1000,VALUE('XRF rocas'!I9)),"")) -> 4.356 | J9: =IF('XRF rocas'!J9="","",IFERROR(IF(VALUE('XRF rocas'!J9)>100,VALUE('XRF rocas'!J9)/1000,VALUE('XRF rocas'!J9)),"")) -> 0.002 | K9: =IF('XRF rocas'!K9="","",IFERROR(IF(VALUE('XRF rocas'!K9)>100,VALUE('XRF rocas'!K9)/1000,VALUE('XRF rocas'!K9)),"")) -> 1.896 | L9: =IF('XRF rocas'!L9="","",IFERROR(IF(VALUE('XRF rocas'!L9)>100,VALUE('XRF rocas'!L9)/1000,VALUE('XRF rocas'!L9)),"")) -> 17.329 | M9: =IF('XRF rocas'!M9="","",IFERROR(IF(VALUE('XRF rocas'!M9)>100,VALUE('XRF rocas'!M9)/1000,VALUE('XRF rocas'!M9)),"")) -> 2.641 | ... Y9: =IF('XRF rocas'!Y9="","",IFERROR(IF(VALUE('XRF rocas'!Y9)>100,VALUE('XRF rocas'!Y9)/1000,VALUE('XRF rocas'!Y9)),"")) -> 0.001 | Z9: =IF(COUNT(F9:Y9)=0,"",SUM(F9:Y9)) -> 74.792 | AA9: =IF(COUNT(F9:Y9)=0,"sin dato",IF(OR(Z9<80,Z9>110),"revisar suma/escala","escala comparable")) -> revisar suma/escala | AB9: Valores >100 divididos por 1000; decimales conservados.
A10: =IF('XRF rocas'!A10="","",'XRF rocas'!A10) -> 4 | B10: =IF('XRF rocas'!B10="","",'XRF rocas'!B10) -> 4 | C10: =IF('XRF rocas'!C10="","",'XRF rocas'!C10) -> Bellingshausen Dome | D10: =IF('XRF rocas'!D10="","",'XRF rocas'!D10) -> BH1.4 | E10: =IF('XRF rocas'!E10="","",'XRF rocas'!E10) -> 1 | F10: =IF('XRF rocas'!F10="","",IFERROR(IF(VALUE('XRF rocas'!F10)>100,VALUE('XRF rocas'!F10)/1000,VALUE('XRF rocas'!F10)),"")) -> 46.917 | G10: =IF('XRF rocas'!G10="","",IFERROR(IF(VALUE('XRF rocas'!G10)>100,VALUE('XRF rocas'!G10)/1000,VALUE('XRF rocas'!G10)),"")) -> 0.621 | H10: =IF('XRF rocas'!H10="","",IFERROR(IF(VALUE('XRF rocas'!H10)>100,VALUE('XRF rocas'!H10)/1000,VALUE('XRF rocas'!H10)),"")) -> 13.334 | I10: =IF('XRF rocas'!I10="","",IFERROR(IF(VALUE('XRF rocas'!I10)>100,VALUE('XRF rocas'!I10)/1000,VALUE('XRF rocas'!I10)),"")) -> 5.362 | J10: =IF('XRF rocas'!J10="","",IFERROR(IF(VALUE('XRF rocas'!J10)>100,VALUE('XRF rocas'!J10)/1000,VALUE('XRF rocas'!J10)),"")) -> 0.078 | K10: =IF('XRF rocas'!K10="","",IFERROR(IF(VALUE('XRF rocas'!K10)>100,VALUE('XRF rocas'!K10)/1000,VALUE('XRF rocas'!K10)),"")) -> 1.447 | L10: =IF('XRF rocas'!L10="","",IFERROR(IF(VALUE('XRF rocas'!L10)>100,VALUE('XRF rocas'!L10)/1000,VALUE('XRF rocas'!L10)),"")) -> 5.346 | M10: =IF('XRF rocas'!M10="","",IFERROR(IF(VALUE('XRF rocas'!M10)>100,VALUE('XRF rocas'!M10)/1000,VALUE('XRF rocas'!M10)),"")) -> 2.868 | ... Y10: =IF('XRF rocas'!Y10="","",IFERROR(IF(VALUE('XRF rocas'!Y10)>100,VALUE('XRF rocas'!Y10)/1000,VALUE('XRF rocas'!Y10)),"")) -> 0.001 | Z10: =IF(COUNT(F10:Y10)=0,"",SUM(F10:Y10)) -> 78.244 | AA10: =IF(COUNT(F10:Y10)=0,"sin dato",IF(OR(Z10<80,Z10>110),"revisar suma/escala","escala comparable")) -> revisar suma/escala | AB10: Valores >100 divididos por 1000; decimales conservados.
A11: =IF('XRF rocas'!A11="","",'XRF rocas'!A11) | B11: =IF('XRF rocas'!B11="","",'XRF rocas'!B11) | C11: =IF('XRF rocas'!C11="","",'XRF rocas'!C11) | D11: =IF('XRF rocas'!D11="","",'XRF rocas'!D11) | E11: =IF('XRF rocas'!E11="","",'XRF rocas'!E11) -> 2 | F11: =IF('XRF rocas'!F11="","",IFERROR(IF(VALUE('XRF rocas'!F11)>100,VALUE('XRF rocas'!F11)/1000,VALUE('XRF rocas'!F11)),"")) -> 55.464 | G11: =IF('XRF rocas'!G11="","",IFERROR(IF(VALUE('XRF rocas'!G11)>100,VALUE('XRF rocas'!G11)/1000,VALUE('XRF rocas'!G11)),"")) -> 0.739 | H11: =IF('XRF rocas'!H11="","",IFERROR(IF(VALUE('XRF rocas'!H11)>100,VALUE('XRF rocas'!H11)/1000,VALUE('XRF rocas'!H11)),"")) -> 15.748 | I11: =IF('XRF rocas'!I11="","",IFERROR(IF(VALUE('XRF rocas'!I11)>100,VALUE('XRF rocas'!I11)/1000,VALUE('XRF rocas'!I11)),"")) -> 3.017 | J11: =IF('XRF rocas'!J11="","",IFERROR(IF(VALUE('XRF rocas'!J11)>100,VALUE('XRF rocas'!J11)/1000,VALUE('XRF rocas'!J11)),"")) -> 0.129 | K11: =IF('XRF rocas'!K11="","",IFERROR(IF(VALUE('XRF rocas'!K11)>100,VALUE('XRF rocas'!K11)/1000,VALUE('XRF rocas'!K11)),"")) -> 0.854 | L11: =IF('XRF rocas'!L11="","",IFERROR(IF(VALUE('XRF rocas'!L11)>100,VALUE('XRF rocas'!L11)/1000,VALUE('XRF rocas'!L11)),"")) -> 2.212 | M11: =IF('XRF rocas'!M11="","",IFERROR(IF(VALUE('XRF rocas'!M11)>100,VALUE('XRF rocas'!M11)/1000,VALUE('XRF rocas'!M11)),"")) -> 6.112 | ... Y11: =IF('XRF rocas'!Y11="","",IFERROR(IF(VALUE('XRF rocas'!Y11)>100,VALUE('XRF rocas'!Y11)/1000,VALUE('XRF rocas'!Y11)),"")) -> 0.001 | Z11: =IF(COUNT(F11:Y11)=0,"",SUM(F11:Y11)) -> 87.49 | AA11: =IF(COUNT(F11:Y11)=0,"sin dato",IF(OR(Z11<80,Z11>110),"revisar suma/escala","escala comparable")) -> escala comparable | AB11: Valores >100 divididos por 1000; decimales conservados.
A12: =IF('XRF rocas'!A12="","",'XRF rocas'!A12) -> 5 | B12: =IF('XRF rocas'!B12="","",'XRF rocas'!B12) -> 1 | C12: =IF('XRF rocas'!C12="","",'XRF rocas'!C12) -> Bellingshausen Dome | D12: =IF('XRF rocas'!D12="","",'XRF rocas'!D12) -> BH2.1 | E12: =IF('XRF rocas'!E12="","",'XRF rocas'!E12) -> 1 | F12: =IF('XRF rocas'!F12="","",IFERROR(IF(VALUE('XRF rocas'!F12)>100,VALUE('XRF rocas'!F12)/1000,VALUE('XRF rocas'!F12)),"")) -> 61.564 | G12: =IF('XRF rocas'!G12="","",IFERROR(IF(VALUE('XRF rocas'!G12)>100,VALUE('XRF rocas'!G12)/1000,VALUE('XRF rocas'!G12)),"")) -> 0.775 | H12: =IF('XRF rocas'!H12="","",IFERROR(IF(VALUE('XRF rocas'!H12)>100,VALUE('XRF rocas'!H12)/1000,VALUE('XRF rocas'!H12)),"")) -> 11.34 | I12: =IF('XRF rocas'!I12="","",IFERROR(IF(VALUE('XRF rocas'!I12)>100,VALUE('XRF rocas'!I12)/1000,VALUE('XRF rocas'!I12)),"")) -> 4.798 | J12: =IF('XRF rocas'!J12="","",IFERROR(IF(VALUE('XRF rocas'!J12)>100,VALUE('XRF rocas'!J12)/1000,VALUE('XRF rocas'!J12)),"")) -> 0.054 | K12: =IF('XRF rocas'!K12="","",IFERROR(IF(VALUE('XRF rocas'!K12)>100,VALUE('XRF rocas'!K12)/1000,VALUE('XRF rocas'!K12)),"")) -> 0.95 | L12: =IF('XRF rocas'!L12="","",IFERROR(IF(VALUE('XRF rocas'!L12)>100,VALUE('XRF rocas'!L12)/1000,VALUE('XRF rocas'!L12)),"")) -> 3.2 | M12: =IF('XRF rocas'!M12="","",IFERROR(IF(VALUE('XRF rocas'!M12)>100,VALUE('XRF rocas'!M12)/1000,VALUE('XRF rocas'!M12)),"")) -> 3.131 | ... Y12: =IF('XRF rocas'!Y12="","",IFERROR(IF(VALUE('XRF rocas'!Y12)>100,VALUE('XRF rocas'!Y12)/1000,VALUE('XRF rocas'!Y12)),"")) -> 0.001 | Z12: =IF(COUNT(F12:Y12)=0,"",SUM(F12:Y12)) -> 86.973 | AA12: =IF(COUNT(F12:Y12)=0,"sin dato",IF(OR(Z12<80,Z12>110),"revisar suma/escala","escala comparable")) -> escala comparable | AB12: Valores >100 divididos por 1000; decimales conservados.
A13: =IF('XRF rocas'!A13="","",'XRF rocas'!A13) | B13: =IF('XRF rocas'!B13="","",'XRF rocas'!B13) | C13: =IF('XRF rocas'!C13="","",'XRF rocas'!C13) | D13: =IF('XRF rocas'!D13="","",'XRF rocas'!D13) | E13: =IF('XRF rocas'!E13="","",'XRF rocas'!E13) -> 2 | F13: =IF('XRF rocas'!F13="","",IFERROR(IF(VALUE('XRF rocas'!F13)>100,VALUE('XRF rocas'!F13)/1000,VALUE('XRF rocas'!F13)),"")) -> 73.884 | G13: =IF('XRF rocas'!G13="","",IFERROR(IF(VALUE('XRF rocas'!G13)>100,VALUE('XRF rocas'!G13)/1000,VALUE('XRF rocas'!G13)),"")) -> -0.034 | H13: =IF('XRF rocas'!H13="","",IFERROR(IF(VALUE('XRF rocas'!H13)>100,VALUE('XRF rocas'!H13)/1000,VALUE('XRF rocas'!H13)),"")) -> 6.352 | I13: =IF('XRF rocas'!I13="","",IFERROR(IF(VALUE('XRF rocas'!I13)>100,VALUE('XRF rocas'!I13)/1000,VALUE('XRF rocas'!I13)),"")) -> 4.312 | J13: =IF('XRF rocas'!J13="","",IFERROR(IF(VALUE('XRF rocas'!J13)>100,VALUE('XRF rocas'!J13)/1000,VALUE('XRF rocas'!J13)),"")) -> 0.067 | K13: =IF('XRF rocas'!K13="","",IFERROR(IF(VALUE('XRF rocas'!K13)>100,VALUE('XRF rocas'!K13)/1000,VALUE('XRF rocas'!K13)),"")) -> 0.638 | L13: =IF('XRF rocas'!L13="","",IFERROR(IF(VALUE('XRF rocas'!L13)>100,VALUE('XRF rocas'!L13)/1000,VALUE('XRF rocas'!L13)),"")) -> 1.885 | M13: =IF('XRF rocas'!M13="","",IFERROR(IF(VALUE('XRF rocas'!M13)>100,VALUE('XRF rocas'!M13)/1000,VALUE('XRF rocas'!M13)),"")) -> 1.017 | ... Y13: =IF('XRF rocas'!Y13="","",IFERROR(IF(VALUE('XRF rocas'!Y13)>100,VALUE('XRF rocas'!Y13)/1000,VALUE('XRF rocas'!Y13)),"")) -> 0.001 | Z13: =IF(COUNT(F13:Y13)=0,"",SUM(F13:Y13)) -> 89.09 | AA13: =IF(COUNT(F13:Y13)=0,"sin dato",IF(OR(Z13<80,Z13>110),"revisar suma/escala","escala comparable")) -> escala comparable | AB13: Valores >100 divididos por 1000; decimales conservados.
... A59: =IF('XRF rocas'!A59="","",'XRF rocas'!A59) | B59: =IF('XRF rocas'!B59="","",'XRF rocas'!B59) | C59: =IF('XRF rocas'!C59="","",'XRF rocas'!C59) | D59: =IF('XRF rocas'!D59="","",'XRF rocas'!D59) | E59: =IF('XRF rocas'!E59="","",'XRF rocas'!E59) -> 2 | F59: =IF('XRF rocas'!F59="","",IFERROR(IF(VALUE('XRF rocas'!F59)>100,VALUE('XRF rocas'!F59)/1000,VALUE('XRF rocas'!F59)),"")) | G59: =IF('XRF rocas'!G59="","",IFERROR(IF(VALUE('XRF rocas'!G59)>100,VALUE('XRF rocas'!G59)/1000,VALUE('XRF rocas'!G59)),"")) | H59: =IF('XRF rocas'!H59="","",IFERROR(IF(VALUE('XRF rocas'!H59)>100,VALUE('XRF rocas'!H59)/1000,VALUE('XRF rocas'!H59)),"")) | I59: =IF('XRF rocas'!I59="","",IFERROR(IF(VALUE('XRF rocas'!I59)>100,VALUE('XRF rocas'!I59)/1000,VALUE('XRF rocas'!I59)),"")) | J59: =IF('XRF rocas'!J59="","",IFERROR(IF(VALUE('XRF rocas'!J59)>100,VALUE('XRF rocas'!J59)/1000,VALUE('XRF rocas'!J59)),"")) | K59: =IF('XRF rocas'!K59="","",IFERROR(IF(VALUE('XRF rocas'!K59)>100,VALUE('XRF rocas'!K59)/1000,VALUE('XRF rocas'!K59)),"")) | L59: =IF('XRF rocas'!L59="","",IFERROR(IF(VALUE('XRF rocas'!L59)>100,VALUE('XRF rocas'!L59)/1000,VALUE('XRF rocas'!L59)),"")) | M59: =IF('XRF rocas'!M59="","",IFERROR(IF(VALUE('XRF rocas'!M59)>100,VALUE('XRF rocas'!M59)/1000,VALUE('XRF rocas'!M59)),"")) | ... Y59: =IF('XRF rocas'!Y59="","",IFERROR(IF(VALUE('XRF rocas'!Y59)>100,VALUE('XRF rocas'!Y59)/1000,VALUE('XRF rocas'!Y59)),"")) | Z59: =IF(COUNT(F59:Y59)=0,"",SUM(F59:Y59)) | AA59: =IF(COUNT(F59:Y59)=0,"sin dato",IF(OR(Z59<80,Z59>110),"revisar suma/escala","escala comparable")) -> sin dato | AB59: Valores >100 divididos por 1000; decimales conservados.

Sheet Geoquimica
